BITCOIN AMT,BITCOIN ADDRESS,TOXID
2.064161,1NatPqq8stp99GsYKqWSNZMQERu1t3YB9o,D6C324719AD0AA50A54E4F8DED8E8220D8698DD67B218B5429466C40E7F72657C015D86C7E4A
2.09984,1Cw7WwoycmWCA6zk3FJan7KMD4p3sRquyL,D6C324719AD0AA50A54E4F8DED8E8220D8698DD67B218B5429466C40E7F72657C015D86C7E4A
2.087874,1EfWVxnCE6G6e5a54nQtMUm4AREToDJQMf,D6C324719AD0AA50A54E4F8DED8E8220D8698DD67B218B5429466C40E7F72657C015D86C7E4A
2.065847,15ZiBW1DqMAKL8TdCAcXeStUeenQPUt8vr,D6C324719AD0AA50A54E4F8DED8E8220D8698DD67B218B5429466C40E7F72657C015D86C7E4A
2.06261,1PArEZsxE23XFMiVEaHnJ8uvm5AedNR3zK,D6C324719AD0AA50A54E4F8DED8E8220D8698DD67B218B5429466C40E7F72657C015D86C7E4A
2.095447,148tMZvX26S3Q9MzVaQPJ2AHH4QpvRcKXQ,D6C324719AD0AA50A54E4F8DED8E8220D8698DD67B218B5429466C40E7F72657C015D86C7E4A
2.047379,1BsbJVSFYWN2hHq1pGPAhuNyQVjf5eq8og,D6C324719AD0AA50A54E4F8DED8E8220D8698DD67B218B5429466C40E7F72657C015D86C7E4A
2.09082,1PEB4wZA5eoJHEc5xWwo6RD9Pm5Pk3qsLA,D6C324719AD0AA50A54E4F8DED8E8220D8698DD67B218B5429466C40E7F72657C015D86C7E4A
2.067165,1HLcCp6drgCMJTGwMYBkGyEtRtoKMa1uek,D6C324719AD0AA50A54E4F8DED8E8220D8698DD67B218B5429466C40E7F72657C015D86C7E4A
2.01221,1NndwXKCwcPZeAdYUfdhEJDQHMpEweTGqx,D6C324719AD0AA50A54E4F8DED8E8220D8698DD67B218B5429466C40E7F72657C015D86C7E4A
2.043746,1Kof4G1FgA9jxo2422hvyhCp6ojeF7LnxD,D6C324719AD0AA50A54E4F8DED8E8220D8698DD67B218B5429466C40E7F72657C015D86C7E4A
2.080468,1D7x1qswUk7hjadiFuLsA9pmCvTTm4DLki,D6C324719AD0AA50A54E4F8DED8E8220D8698DD67B218B5429466C40E7F72657C015D86C7E4A
2.091217,15jEz5YucjKghizkj3uZuRHVkbSADDSTxH,D6C324719AD0AA50A54E4F8DED8E8220D8698DD67B218B5429466C40E7F72657C015D86C7E4A
2.010699,1L8CfyvrFwsy7CjqiErEKkBFanq9KbL8D5,D6C324719AD0AA50A54E4F8DED8E8220D8698DD67B218B5429466C40E7F72657C015D86C7E4A
2.07407,14FdM3EEoy7SbuN9DyseQog1ot78rKLA8M,D6C324719AD0AA50A54E4F8DED8E8220D8698DD67B218B5429466C40E7F72657C015D86C7E4A
2.057609,17DLc3VDLsVb4L9687kboFWQ66nXvgsRhG,D6C324719AD0AA50A54E4F8DED8E8220D8698DD67B218B5429466C40E7F72657C015D86C7E4A
2.041501,1CVV65Kxp7PEucDfNfpLpK9wEw4XkLa98D,D6C324719AD0AA50A54E4F8DED8E8220D8698DD67B218B5429466C40E7F72657C015D86C7E4A
2.093708,15UjMgFHP7ewMgDmnwKDhuTAkrEy1QPHpD,D6C324719AD0AA50A54E4F8DED8E8220D8698DD67B218B5429466C40E7F72657C015D86C7E4A
2.083148,1PAFdD9fwqRWG4VcCGuY27VTW8xPZmuF1D,D6C324719AD0AA50A54E4F8DED8E8220D8698DD67B218B5429466C40E7F72657C015D86C7E4A
2.059758,17r34fGayXNjHusSTkaMxkHRp4qsUmbmBi,D6C324719AD0AA50A54E4F8DED8E8220D8698DD67B218B5429466C40E7F72657C015D86C7E4A
2.061575,1Nyexv6j8v5W7DxGGh3mZ6yxzbfwzdgRR6,D6C324719AD0AA50A54E4F8DED8E8220D8698DD67B218B5429466C40E7F72657C015D86C7E4A
2.044714,1B1nathyqvrL37CsZfrmx8umvShft3KNhw,D6C324719AD0AA50A54E4F8DED8E8220D8698DD67B218B5429466C40E7F72657C015D86C7E4A
2.041245,1JHtCjhr9XB2XSijGdJopemK9LCoRaQarv,D6C324719AD0AA50A54E4F8DED8E8220D8698DD67B218B5429466C40E7F72657C015D86C7E4A
2.021249,17m3vTowgZp9YiEQLff2X7eQwnaopkmbuy,D6C324719AD0AA50A54E4F8DED8E8220D8698DD67B218B5429466C40E7F72657C015D86C7E4A
2.021418,14jh1GRQWHrH6Y5FvfjC7qpzgQ8JCgeGFq,D6C324719AD0AA50A54E4F8DED8E8220D8698DD67B218B5429466C40E7F72657C015D86C7E4A
2.016647,1JDyPKHHBDQ7bMmiV5DbFVt7fRsPX1nq6f,D6C324719AD0AA50A54E4F8DED8E8220D8698DD67B218B5429466C40E7F72657C015D86C7E4A
2.088716,1127pxjX3P7MbKLfWRQ1X6vvt17jARtmap,D6C324719AD0AA50A54E4F8DED8E8220D8698DD67B218B5429466C40E7F72657C015D86C7E4A
2.068877,1AGGfhC9jvBtNJpgFhpw99ugajJ2pcxrcU,D6C324719AD0AA50A54E4F8DED8E8220D8698DD67B218B5429466C40E7F72657C015D86C7E4A
2.08787,1ANPdCmcF2mQgqneYsq3ur3BVffTtjwjRV,D6C324719AD0AA50A54E4F8DED8E8220D8698DD67B218B5429466C40E7F72657C015D86C7E4A
2.041622,1DbUjDh9Ndrpuf6m9SMupeZ7tGosk3AvRU,D6C324719AD0AA50A54E4F8DED8E8220D8698DD67B218B5429466C40E7F72657C015D86C7E4A
2.013713,1F4fH7hpDZNa11xXbAFBdCo1oWCoE4NNxi,D6C324719AD0AA50A54E4F8DED8E8220D8698DD67B218B5429466C40E7F72657C015D86C7E4A
2.085319,19BBRnC2gHKEEmt38DRARKD17j13oHayBR,D6C324719AD0AA50A54E4F8DED8E8220D8698DD67B218B5429466C40E7F72657C015D86C7E4A
2.012753,1Cq2LwodNbZPRC1mu97TYVbrGPpkGyfGoy,D6C324719AD0AA50A54E4F8DED8E8220D8698DD67B218B5429466C40E7F72657C015D86C7E4A
2.065815,1LCX1FHUYaSMU5vWyg52Tws4sPBjw478B5,D6C324719AD0AA50A54E4F8DED8E8220D8698DD67B218B5429466C40E7F72657C015D86C7E4A
2.040615,16SSiYgj9XvAPsBurBASEPcv4nTUA8tZDQ,D6C324719AD0AA50A54E4F8DED8E8220D8698DD67B218B5429466C40E7F72657C015D86C7E4A
2.04705,1BmYFByoJEvptXxpGYBiRVDowZD6c7k3L1,D6C324719AD0AA50A54E4F8DED8E8220D8698DD67B218B5429466C40E7F72657C015D86C7E4A
2.07932,1PsBE62usJQQLf9B1BsZCBG5z2S7DsrvLj,D6C324719AD0AA50A54E4F8DED8E8220D8698DD67B218B5429466C40E7F72657C015D86C7E4A
2.077879,15LwpEKRtjdPf3STPBxJa31uQ1hjonq6GK,D6C324719AD0AA50A54E4F8DED8E8220D8698DD67B218B5429466C40E7F72657C015D86C7E4A
2.03926,1BHbKaEmHVCsHcE4iynfU9WJbhT1ZKX2g2,D6C324719AD0AA50A54E4F8DED8E8220D8698DD67B218B5429466C40E7F72657C015D86C7E4A
2.052082,113vooUGjtHFecKGAAhxhEpXt9gXFVArzm,D6C324719AD0AA50A54E4F8DED8E8220D8698DD67B218B5429466C40E7F72657C015D86C7E4A
2.021136,13D8vUZCvdHMHB9S8aFL9mfpWFKoqXQYge,D6C324719AD0AA50A54E4F8DED8E8220D8698DD67B218B5429466C40E7F72657C015D86C7E4A
2.092896,1Hyz2uqVLf9rSqusbVr8wqNkuJ1Tebquxw,D6C324719AD0AA50A54E4F8DED8E8220D8698DD67B218B5429466C40E7F72657C015D86C7E4A
2.092679,16urshgMaYVHCsK5jKugwLXRhv6qZnpKi4,D6C324719AD0AA50A54E4F8DED8E8220D8698DD67B218B5429466C40E7F72657C015D86C7E4A
2.046423,18cfHLA6miAcee6hF9o46N6RHPYepCPBv1,D6C324719AD0AA50A54E4F8DED8E8220D8698DD67B218B5429466C40E7F72657C015D86C7E4A
2.069945,192MwHaTz5D1THAPveLh9CQ8snYAqfCzqj,D6C324719AD0AA50A54E4F8DED8E8220D8698DD67B218B5429466C40E7F72657C015D86C7E4A
2.021131,1EE93pKMWgLxaLs72mk7pebJZGcU1qf8Fq,D6C324719AD0AA50A54E4F8DED8E8220D8698DD67B218B5429466C40E7F72657C015D86C7E4A
2.049692,1cxrreW8XKfo6bu4kDtXyAmd7fhMCRtqA,D6C324719AD0AA50A54E4F8DED8E8220D8698DD67B218B5429466C40E7F72657C015D86C7E4A
2.096628,1LuaePmRBcFgsgvZGKgK4PioZmSxpNLGG7,D6C324719AD0AA50A54E4F8DED8E8220D8698DD67B218B5429466C40E7F72657C015D86C7E4A
2.022334,1DLssFuRQVFUr4rDpFGzyeuNQ9B11WaafS,D6C324719AD0AA50A54E4F8DED8E8220D8698DD67B218B5429466C40E7F72657C015D86C7E4A
2.080621,1HFxK3GMckLkgY88su251hNqPAEAimy88V,D6C324719AD0AA50A54E4F8DED8E8220D8698DD67B218B5429466C40E7F72657C015D86C7E4A
2.078596,1LHVQrW8xpeYpSZvqDdvzQJBXitWcf8L7Q,D6C324719AD0AA50A54E4F8DED8E8220D8698DD67B218B5429466C40E7F72657C015D86C7E4A
2.05021,18SasHk7GpkqdZtJLmionhMS33J9nJuUjp,D6C324719AD0AA50A54E4F8DED8E8220D8698DD67B218B5429466C40E7F72657C015D86C7E4A
2.09583,1GrDohpz3JcSDBsjUrLrnX5SGghzTrwHTv,D6C324719AD0AA50A54E4F8DED8E8220D8698DD67B218B5429466C40E7F72657C015D86C7E4A
2.044191,13XojqdzBqTmxnTyZ1LBVcCgEFVWrf9B6f,D6C324719AD0AA50A54E4F8DED8E8220D8698DD67B218B5429466C40E7F72657C015D86C7E4A
2.027223,1HrmLjWsZqDXef34HNSRxUstXPpU6sX6Cv,D6C324719AD0AA50A54E4F8DED8E8220D8698DD67B218B5429466C40E7F72657C015D86C7E4A
2.062491,1739qRyFhnAXRd5NjzqFuat7nXPNYkvrj7,D6C324719AD0AA50A54E4F8DED8E8220D8698DD67B218B5429466C40E7F72657C015D86C7E4A
2.050588,1JEHx3FT1bTuty3qWJvCSfrcFnmkuxQ2cM,D6C324719AD0AA50A54E4F8DED8E8220D8698DD67B218B5429466C40E7F72657C015D86C7E4A
2.01002,1837UY9zg8Ei1XijyehruQTbZvGi51Dwyp,D6C324719AD0AA50A54E4F8DED8E8220D8698DD67B218B5429466C40E7F72657C015D86C7E4A
2.040579,12Vp4S4z77i56HZ6Tkg6FYTPkuU3sF5U8f,D6C324719AD0AA50A54E4F8DED8E8220D8698DD67B218B5429466C40E7F72657C015D86C7E4A
2.04584,1LdyhAeXNLmEfM4ZUYt4nho5JpGhB9qFm5,D6C324719AD0AA50A54E4F8DED8E8220D8698DD67B218B5429466C40E7F72657C015D86C7E4A
2.024047,1GyPPKwrdQMteuy5H3LJnMzrfGS3w4YnUu,D6C324719AD0AA50A54E4F8DED8E8220D8698DD67B218B5429466C40E7F72657C015D86C7E4A
2.07697,1McK7cPpABiK9gaDUfZVQvdQUaMsT72G9D,D6C324719AD0AA50A54E4F8DED8E8220D8698DD67B218B5429466C40E7F72657C015D86C7E4A
2.035649,1DAsF6NTRGYCgGp641p8rEJ2giwNeuCoQX,D6C324719AD0AA50A54E4F8DED8E8220D8698DD67B218B5429466C40E7F72657C015D86C7E4A
2.078591,17A8sVC2WLXXxszxcLkjnAZege7HkBdyXJ,D6C324719AD0AA50A54E4F8DED8E8220D8698DD67B218B5429466C40E7F72657C015D86C7E4A
2.092088,1NNoWEXENmRsa4S2vdyBthkSypGcHRaiVk,D6C324719AD0AA50A54E4F8DED8E8220D8698DD67B218B5429466C40E7F72657C015D86C7E4A
2.018894,14wCys68bfuDw2QcJajsrTfAVoRNkf5VzU,D6C324719AD0AA50A54E4F8DED8E8220D8698DD67B218B5429466C40E7F72657C015D86C7E4A
2.0686,17K1FPHQasQLartQAwTKq5hnAwvnLjJvSt,D6C324719AD0AA50A54E4F8DED8E8220D8698DD67B218B5429466C40E7F72657C015D86C7E4A
2.07378,1DLLSXoZKyFu4fbBQwRDBjxXMiG9ghV11v,D6C324719AD0AA50A54E4F8DED8E8220D8698DD67B218B5429466C40E7F72657C015D86C7E4A
2.024453,18ws5mQEvYrD1XURFWbT2RDnATyFmqpquu,D6C324719AD0AA50A54E4F8DED8E8220D8698DD67B218B5429466C40E7F72657C015D86C7E4A
2.04154,1Pzid6YJxGdsMTtLbbGm7WigjYBuW5oTtk,D6C324719AD0AA50A54E4F8DED8E8220D8698DD67B218B5429466C40E7F72657C015D86C7E4A
2.052686,1BN9eBWKM8CbZsL5mMmhbRruGCGAPo7jDH,D6C324719AD0AA50A54E4F8DED8E8220D8698DD67B218B5429466C40E7F72657C015D86C7E4A
2.014372,12bQoE748FdkwGWv4pqtgeWbxwfXZNZkaq,D6C324719AD0AA50A54E4F8DED8E8220D8698DD67B218B5429466C40E7F72657C015D86C7E4A
2.07816,19Qw3Aojc8FgxanwHFMfEB4TsjkfhdGYtB,D6C324719AD0AA50A54E4F8DED8E8220D8698DD67B218B5429466C40E7F72657C015D86C7E4A
2.09518,1zsyavb4StJpzFM6MuKaK2T32ir58VXSe,D6C324719AD0AA50A54E4F8DED8E8220D8698DD67B218B5429466C40E7F72657C015D86C7E4A
2.03043,1JQgRv63KvDuVLqXZRfriF4zegUshZVi3S,D6C324719AD0AA50A54E4F8DED8E8220D8698DD67B218B5429466C40E7F72657C015D86C7E4A
2.097319,1B37HbRzrASy7vQEGmngdftTFA387XU5yB,D6C324719AD0AA50A54E4F8DED8E8220D8698DD67B218B5429466C40E7F72657C015D86C7E4A
2.02393,1FV4qbc2kPC59wcCqE1e3utKmJXxzDwJCZ,D6C324719AD0AA50A54E4F8DED8E8220D8698DD67B218B5429466C40E7F72657C015D86C7E4A
2.020705,1G3Y9aPgeK7jD1kLen68QMn7RnTpZjTQ3W,D6C324719AD0AA50A54E4F8DED8E8220D8698DD67B218B5429466C40E7F72657C015D86C7E4A
2.08702,155Xb3DAo42Tjyv1uyXD9tjysAYVsT134h,D6C324719AD0AA50A54E4F8DED8E8220D8698DD67B218B5429466C40E7F72657C015D86C7E4A
2.018345,1L8CfyvrFwsy7CjqiErEKkBFanq9KbL8D5,D6C324719AD0AA50A54E4F8DED8E8220D8698DD67B218B5429466C40E7F72657C015D86C7E4A
2.040913,1MMAfAeeRfRw7Ht9oGWG7R8YH7Wc5KUTym,D6C324719AD0AA50A54E4F8DED8E8220D8698DD67B218B5429466C40E7F72657C015D86C7E4A
2.012051,1CB7NM6TJnpUgruiRw4HVbsW4Aa1mZWf23,D6C324719AD0AA50A54E4F8DED8E8220D8698DD67B218B5429466C40E7F72657C015D86C7E4A
2.072157,14pW93xmdyZsGinaDTdshg1cV4JPja5CBp,D6C324719AD0AA50A54E4F8DED8E8220D8698DD67B218B5429466C40E7F72657C015D86C7E4A
2.053307,18eNjo2ZQ98qTNuW4WHcqzBCoUMyXX5JC5,D6C324719AD0AA50A54E4F8DED8E8220D8698DD67B218B5429466C40E7F72657C015D86C7E4A
2.064108,1DYw39gG8R3Q3SvKnwrYbTdm8YevsksQ6m,D6C324719AD0AA50A54E4F8DED8E8220D8698DD67B218B5429466C40E7F72657C015D86C7E4A
2.023734,1EQj7xsiBCf6agPXjmE81ZjSCvjVFK5wtB,D6C324719AD0AA50A54E4F8DED8E8220D8698DD67B218B5429466C40E7F72657C015D86C7E4A
2.072772,1GoQUdEXT8v6orvZ6L1BPzKnRvHHnvcMeK,D6C324719AD0AA50A54E4F8DED8E8220D8698DD67B218B5429466C40E7F72657C015D86C7E4A
2.025572,13mfy753EbTBessKvR8JnuKJpegy7ekjnK,D6C324719AD0AA50A54E4F8DED8E8220D8698DD67B218B5429466C40E7F72657C015D86C7E4A
2.026726,1ATjsjVgsrDYVtvgPeiwGprVnqrQ5JA7mc,D6C324719AD0AA50A54E4F8DED8E8220D8698DD67B218B5429466C40E7F72657C015D86C7E4A
2.034021,18MQnP5YSomeB4CgKxApP8uU7U3JAbTpi8,D6C324719AD0AA50A54E4F8DED8E8220D8698DD67B218B5429466C40E7F72657C015D86C7E4A
2.058147,1N6RSTFLsvu834oLu43bzYGmFu6EcHkhNR,D6C324719AD0AA50A54E4F8DED8E8220D8698DD67B218B5429466C40E7F72657C015D86C7E4A
2.079879,1945p9nePwD4iHJiYew2grtcKLzHsDL9Bo,D6C324719AD0AA50A54E4F8DED8E8220D8698DD67B218B5429466C40E7F72657C015D86C7E4A
2.032672,16j3ZScXBQPBDK6YHi7KiNMioxqiFWUNu4,D6C324719AD0AA50A54E4F8DED8E8220D8698DD67B218B5429466C40E7F72657C015D86C7E4A
2.042936,1N7GwuxbRrmtQU2sPrRTz79E3afB9tuGpA,D6C324719AD0AA50A54E4F8DED8E8220D8698DD67B218B5429466C40E7F72657C015D86C7E4A
2.053969,1FHVTmdY2DoUdCUjU5R7ig4T1dVPWugjho,D6C324719AD0AA50A54E4F8DED8E8220D8698DD67B218B5429466C40E7F72657C015D86C7E4A
2.053028,1AQCUKiWkac9vo5cSccZ34DAnjwxivMAbG,D6C324719AD0AA50A54E4F8DED8E8220D8698DD67B218B5429466C40E7F72657C015D86C7E4A
2.099239,1KzJHN8jSjd3g7nRiUvpdbQrBE2qqnPDD5,D6C324719AD0AA50A54E4F8DED8E8220D8698DD67B218B5429466C40E7F72657C015D86C7E4A
2.089586,14LMg9AUyxJTV7ib99noBdL9c6jqAGJVKJ,D6C324719AD0AA50A54E4F8DED8E8220D8698DD67B218B5429466C40E7F72657C015D86C7E4A
2.082274,1Lv3fZmBq35AwXNudr8KKgJXQPo4GT1VyD,D6C324719AD0AA50A54E4F8DED8E8220D8698DD67B218B5429466C40E7F72657C015D86C7E4A
2.063273,1LDNnpQZjzWueVPch4ETKswoMTGctHCRCT,D6C324719AD0AA50A54E4F8DED8E8220D8698DD67B218B5429466C40E7F72657C015D86C7E4A
2.044646,18GyXw6DNLJUNZ32jh5p3nVdhuwz8feDie,D6C324719AD0AA50A54E4F8DED8E8220D8698DD67B218B5429466C40E7F72657C015D86C7E4A
2.023963,1HL5AuXPtpWYabTvscRmuxuYRN5SYJdHqc,D6C324719AD0AA50A54E4F8DED8E8220D8698DD67B218B5429466C40E7F72657C015D86C7E4A
2.079998,1G9rXeSW81zP2rkuw4jSxwGCHG3jgcUdhy,D6C324719AD0AA50A54E4F8DED8E8220D8698DD67B218B5429466C40E7F72657C015D86C7E4A
2.05607,1DyPdVSPz1RV2hUrSVrFjrSfXUifLnsexW,D6C324719AD0AA50A54E4F8DED8E8220D8698DD67B218B5429466C40E7F72657C015D86C7E4A
2.033349,1DTjACQS6MmueU4M4ohjfa7FKr7EgJbYsp,D6C324719AD0AA50A54E4F8DED8E8220D8698DD67B218B5429466C40E7F72657C015D86C7E4A
2.074388,1DtPqA7No2pPbJNHmsvaMY5LLsfx8Rrt9o,D6C324719AD0AA50A54E4F8DED8E8220D8698DD67B218B5429466C40E7F72657C015D86C7E4A
2.064211,15q8EAqmfU4ZWDpegBPVJT8CLoeHaPvR5U,D6C324719AD0AA50A54E4F8DED8E8220D8698DD67B218B5429466C40E7F72657C015D86C7E4A
2.076628,1PvcA55S8jLFVNdUf886UN6zbRf3QjuDW5,D6C324719AD0AA50A54E4F8DED8E8220D8698DD67B218B5429466C40E7F72657C015D86C7E4A
2.027014,18uZpV62WTPaciQomgcWiTkV8jDJGJaJL1,D6C324719AD0AA50A54E4F8DED8E8220D8698DD67B218B5429466C40E7F72657C015D86C7E4A
2.092079,1599grEe9RHLcj2Lsy8BsSSgRZj26egm58,D6C324719AD0AA50A54E4F8DED8E8220D8698DD67B218B5429466C40E7F72657C015D86C7E4A
2.094486,19HDxAPZU4mJrRhAvKhH2DT4U5vX8k8Vny,D6C324719AD0AA50A54E4F8DED8E8220D8698DD67B218B5429466C40E7F72657C015D86C7E4A
2.08709,1HuRDNvdEkiM7q96jgAbSDDbbSLbPnahJW,D6C324719AD0AA50A54E4F8DED8E8220D8698DD67B218B5429466C40E7F72657C015D86C7E4A
2.072454,17sw1MQg3A6Trs8f5jXK15J3rZJTjXjXq5,D6C324719AD0AA50A54E4F8DED8E8220D8698DD67B218B5429466C40E7F72657C015D86C7E4A
2.0613,1CtDiKSN45NdzkE1Dua4Zv2RfVBus64TEi,D6C324719AD0AA50A54E4F8DED8E8220D8698DD67B218B5429466C40E7F72657C015D86C7E4A
2.045341,1KVMs1C4ZW1Yeq1mJ2tvWoVXKZjaryq4ys,D6C324719AD0AA50A54E4F8DED8E8220D8698DD67B218B5429466C40E7F72657C015D86C7E4A
2.09889,1NBH6vakyS6zecucqUzTAPzTR7Bw1zsXwn,D6C324719AD0AA50A54E4F8DED8E8220D8698DD67B218B5429466C40E7F72657C015D86C7E4A
2.098809,15thNrD6CfZzhjeVp3m5JsdTH4dXJnMRij,D6C324719AD0AA50A54E4F8DED8E8220D8698DD67B218B5429466C40E7F72657C015D86C7E4A
2.097141,1J2GWzSotm94e9ahNDqdNLbyTZbNMGwrDZ,D6C324719AD0AA50A54E4F8DED8E8220D8698DD67B218B5429466C40E7F72657C015D86C7E4A
2.069957,1ATnD6DYoLgrKJocmDwFn7gEMPnvwDWRth,D6C324719AD0AA50A54E4F8DED8E8220D8698DD67B218B5429466C40E7F72657C015D86C7E4A
2.063844,1MXUBQ3CSkrQY3GMav7XTPQNPeF3sa6HKH,D6C324719AD0AA50A54E4F8DED8E8220D8698DD67B218B5429466C40E7F72657C015D86C7E4A
2.075081,13RYzR1sEiW8kNFxTeFRaTdoNM49QTx3iW,D6C324719AD0AA50A54E4F8DED8E8220D8698DD67B218B5429466C40E7F72657C015D86C7E4A
2.031888,1LqHnJirpMnE1fdSEqgt2fZEfUA5vvbzDt,D6C324719AD0AA50A54E4F8DED8E8220D8698DD67B218B5429466C40E7F72657C015D86C7E4A
2.025783,18iJ1SE7gspjRNaLiD5XV5CFDDWLUz8uzw,D6C324719AD0AA50A54E4F8DED8E8220D8698DD67B218B5429466C40E7F72657C015D86C7E4A
2.078526,1FEr24JU5XEfeT5DfbVKqjTV6aBfnnX328,D6C324719AD0AA50A54E4F8DED8E8220D8698DD67B218B5429466C40E7F72657C015D86C7E4A
2.057751,17s79NgLNBWuYNyvRNyDtbcHj8oW8repd7,D6C324719AD0AA50A54E4F8DED8E8220D8698DD67B218B5429466C40E7F72657C015D86C7E4A
2.03829,1FU2j9q189K5dmSSmcwk3aQ39TobR1ZKR2,D6C324719AD0AA50A54E4F8DED8E8220D8698DD67B218B5429466C40E7F72657C015D86C7E4A
2.010754,1CTrxun5b2QCsn6fTDcELSTm6tU3HPRUfh,D6C324719AD0AA50A54E4F8DED8E8220D8698DD67B218B5429466C40E7F72657C015D86C7E4A
2.088729,199vqjgyvGyhPDh4qUt77ui7J6eiAWS3ja,D6C324719AD0AA50A54E4F8DED8E8220D8698DD67B218B5429466C40E7F72657C015D86C7E4A
2.02816,17d172znpm6uDjRFbP8sdXfAuie7eo4Lnt,D6C324719AD0AA50A54E4F8DED8E8220D8698DD67B218B5429466C40E7F72657C015D86C7E4A
2.015132,1B2rjcgeN17qbCDSKqvjNn3gzStni18vBG,D6C324719AD0AA50A54E4F8DED8E8220D8698DD67B218B5429466C40E7F72657C015D86C7E4A
2.034149,13UtypvyEcsJ17DG95z9N6JQz4EHXMD5dy,D6C324719AD0AA50A54E4F8DED8E8220D8698DD67B218B5429466C40E7F72657C015D86C7E4A
2.094185,1Cx6uBreyK3cXvNNDvZWzSFksu4mzV7Nyi,D6C324719AD0AA50A54E4F8DED8E8220D8698DD67B218B5429466C40E7F72657C015D86C7E4A
2.07701,1NAZTj7w486qKXv3HKLX12eHcZ5vPEaJPM,D6C324719AD0AA50A54E4F8DED8E8220D8698DD67B218B5429466C40E7F72657C015D86C7E4A
2.050489,1G3856JHUBEtVcfhbNQzFxyhGkdH2oWAGv,D6C324719AD0AA50A54E4F8DED8E8220D8698DD67B218B5429466C40E7F72657C015D86C7E4A
2.026169,1Q44eWZpZd6LdTNjuU5fBymd6Py55m2zct,D6C324719AD0AA50A54E4F8DED8E8220D8698DD67B218B5429466C40E7F72657C015D86C7E4A
2.030387,17aDqvkMNj63w69kThGNud3E4LouwiPrTS,D6C324719AD0AA50A54E4F8DED8E8220D8698DD67B218B5429466C40E7F72657C015D86C7E4A
2.08704,19qoRzG215bi6NAjqG6Vm63y1sjm5CouHz,D6C324719AD0AA50A54E4F8DED8E8220D8698DD67B218B5429466C40E7F72657C015D86C7E4A
2.046396,18h6aeP2y3LMtJmT8GanhEssiWR1hDkU2S,D6C324719AD0AA50A54E4F8DED8E8220D8698DD67B218B5429466C40E7F72657C015D86C7E4A
2.065486,1BVenqztiD5t5ZtxaWvFkNBGG6UAvb8uSE,D6C324719AD0AA50A54E4F8DED8E8220D8698DD67B218B5429466C40E7F72657C015D86C7E4A
2.020863,139RZ6W1bNfDWE6iFPgjtHXv42uqDecmzg,D6C324719AD0AA50A54E4F8DED8E8220D8698DD67B218B5429466C40E7F72657C015D86C7E4A
2.048477,19nPoZapxsY7KRxArgqictBKnDxGRZLBQK,D6C324719AD0AA50A54E4F8DED8E8220D8698DD67B218B5429466C40E7F72657C015D86C7E4A
2.076427,1BrwMmScdampp7NYhhWxz2BdNmnnJ6i19g,D6C324719AD0AA50A54E4F8DED8E8220D8698DD67B218B5429466C40E7F72657C015D86C7E4A
2.060169,1K6qLVUCMePP3zztJQH7sueigT1NwaLUXk,D6C324719AD0AA50A54E4F8DED8E8220D8698DD67B218B5429466C40E7F72657C015D86C7E4A
2.024341,14xZUmWEbPGxzbx7EkbFD6cfmGQF4heMYG,D6C324719AD0AA50A54E4F8DED8E8220D8698DD67B218B5429466C40E7F72657C015D86C7E4A
2.076626,1Dei7SBQvQWxSe1s3uX2UiyK4GFfChFSUd,D6C324719AD0AA50A54E4F8DED8E8220D8698DD67B218B5429466C40E7F72657C015D86C7E4A
2.094718,1PBvv9avmjTZcmtrYxSstvWtTz9hzmzxXw,D6C324719AD0AA50A54E4F8DED8E8220D8698DD67B218B5429466C40E7F72657C015D86C7E4A
2.093387,17tnxaWt1cuLd3q16L8M9mQrk57SJtQBXu,D6C324719AD0AA50A54E4F8DED8E8220D8698DD67B218B5429466C40E7F72657C015D86C7E4A
2.073028,12SRVGrBh7nR7fmabpnfBQdeSVcFSHEYfM,D6C324719AD0AA50A54E4F8DED8E8220D8698DD67B218B5429466C40E7F72657C015D86C7E4A
2.010679,16fQHxPoCs5rZqrz31bXkxSZcXPrJ4epHS,D6C324719AD0AA50A54E4F8DED8E8220D8698DD67B218B5429466C40E7F72657C015D86C7E4A
2.058015,162GdZ4XqajJMj6RTb46uWHcsQCRjBq1rY,D6C324719AD0AA50A54E4F8DED8E8220D8698DD67B218B5429466C40E7F72657C015D86C7E4A
2.02016,1NU2L4o4PTXd1wUcuk8xLLVZ9GTpqz8Goz,D6C324719AD0AA50A54E4F8DED8E8220D8698DD67B218B5429466C40E7F72657C015D86C7E4A
2.082132,1647HxnLDcZuTKF5gthurgaa2zV7GE2PPj,D6C324719AD0AA50A54E4F8DED8E8220D8698DD67B218B5429466C40E7F72657C015D86C7E4A
2.027881,1GGFxsLjVtAU3oYzJ8oq1WydSWMAhBxpFi,D6C324719AD0AA50A54E4F8DED8E8220D8698DD67B218B5429466C40E7F72657C015D86C7E4A
2.034863,1CXxwhD96M79MirWyhSJ9vuE7TovQC4ra3,D6C324719AD0AA50A54E4F8DED8E8220D8698DD67B218B5429466C40E7F72657C015D86C7E4A
2.051555,1HKni372q8vSH6AUFFso8x8RiYx4yUpswW,D6C324719AD0AA50A54E4F8DED8E8220D8698DD67B218B5429466C40E7F72657C015D86C7E4A
2.051902,1C25aMTKasfZDFwRK9KpJ9wr9jXVGL2kbP,D6C324719AD0AA50A54E4F8DED8E8220D8698DD67B218B5429466C40E7F72657C015D86C7E4A
2.013693,1DtEMUNBxyTWYxHTh6u5VB7ddHt7D1jRzg,D6C324719AD0AA50A54E4F8DED8E8220D8698DD67B218B5429466C40E7F72657C015D86C7E4A
2.06182,1H7Jvyfv5zLiLExVeC81DpyekG7oMBPevC,D6C324719AD0AA50A54E4F8DED8E8220D8698DD67B218B5429466C40E7F72657C015D86C7E4A
2.070656,1BLY7Y5CyHpgB9Bujk13jtJcxZFmEvLxZg,D6C324719AD0AA50A54E4F8DED8E8220D8698DD67B218B5429466C40E7F72657C015D86C7E4A
2.054749,1HWQQeLTLSqeSGZLimScxZS5Q5AnGrba2v,D6C324719AD0AA50A54E4F8DED8E8220D8698DD67B218B5429466C40E7F72657C015D86C7E4A
2.084845,1AE3rvkRrB2bBxA2TaQQQECCoTctcQeFhY,D6C324719AD0AA50A54E4F8DED8E8220D8698DD67B218B5429466C40E7F72657C015D86C7E4A
2.07628,14tEDnFSMVUhTPBf7d5dTXRM7EaJzdVDQ5,D6C324719AD0AA50A54E4F8DED8E8220D8698DD67B218B5429466C40E7F72657C015D86C7E4A
2.074171,1AvKu7vSB52q6gebBrmca4ShUdYrTx7LxX,D6C324719AD0AA50A54E4F8DED8E8220D8698DD67B218B5429466C40E7F72657C015D86C7E4A
2.090555,1BgUy1DDKH1NbEc1SC9kucAvgaNoeJ8N9n,D6C324719AD0AA50A54E4F8DED8E8220D8698DD67B218B5429466C40E7F72657C015D86C7E4A
2.027628,1D9hZEdqoruWRiFgmKNeYgaWcMMF9MTrGm,D6C324719AD0AA50A54E4F8DED8E8220D8698DD67B218B5429466C40E7F72657C015D86C7E4A
2.063733,1E8ps3gbQfEH35KzqgiVjFku7BVh7ALkFA,D6C324719AD0AA50A54E4F8DED8E8220D8698DD67B218B5429466C40E7F72657C015D86C7E4A
2.091333,12yd68UmNvJCRhns5D27MS3Mxe5Dp1utw7,D6C324719AD0AA50A54E4F8DED8E8220D8698DD67B218B5429466C40E7F72657C015D86C7E4A
2.060497,18BwhkUmjBDKX73CAcb6cHKKALn4CFKFhf,D6C324719AD0AA50A54E4F8DED8E8220D8698DD67B218B5429466C40E7F72657C015D86C7E4A
2.03996,1FqZ6r96aMbNfgMagAC8bowm486UmUt6ad,D6C324719AD0AA50A54E4F8DED8E8220D8698DD67B218B5429466C40E7F72657C015D86C7E4A
2.027182,1McK7cPpABiK9gaDUfZVQvdQUaMsT72G9D,D6C324719AD0AA50A54E4F8DED8E8220D8698DD67B218B5429466C40E7F72657C015D86C7E4A
2.069758,1GseiC7DEtzTA1h62tyaVEsPXtdAzN1bo3,D6C324719AD0AA50A54E4F8DED8E8220D8698DD67B218B5429466C40E7F72657C015D86C7E4A
2.02353,1VDv46925QCAjzuRxPq84yWGy5H3HRPnC,D6C324719AD0AA50A54E4F8DED8E8220D8698DD67B218B5429466C40E7F72657C015D86C7E4A
2.039496,1DaDELRJ7BZEPQjeWYwNzUhoZw1XEF74t9,D6C324719AD0AA50A54E4F8DED8E8220D8698DD67B218B5429466C40E7F72657C015D86C7E4A
2.076553,1JAKdAGRBkjEBkyfwQmj2peLTYEmDQKa9v,D6C324719AD0AA50A54E4F8DED8E8220D8698DD67B218B5429466C40E7F72657C015D86C7E4A
2.070578,1QGhkBAt7W2h8ETcUp6GQtohYHpcVQtj3s,D6C324719AD0AA50A54E4F8DED8E8220D8698DD67B218B5429466C40E7F72657C015D86C7E4A
2.020481,1AxHuan88gmvoasVkNqpduwhrGkAEaiac6,D6C324719AD0AA50A54E4F8DED8E8220D8698DD67B218B5429466C40E7F72657C015D86C7E4A
2.046859,1GequkXF8tEYrfPhpY79TrV7xRTMargC92,D6C324719AD0AA50A54E4F8DED8E8220D8698DD67B218B5429466C40E7F72657C015D86C7E4A
2.062811,15aNJGRCDgi1Mcx7MAVYdYTgTgTqS8CANu,D6C324719AD0AA50A54E4F8DED8E8220D8698DD67B218B5429466C40E7F72657C015D86C7E4A
2.054669,18kAHQa5qLHjPxym8yM2Sh8gx7KsMv3oq6,D6C324719AD0AA50A54E4F8DED8E8220D8698DD67B218B5429466C40E7F72657C015D86C7E4A
2.056758,194f8gQVm2Ls7S3m2WtR2kmvTfJd8Vp2FU,D6C324719AD0AA50A54E4F8DED8E8220D8698DD67B218B5429466C40E7F72657C015D86C7E4A
2.049681,1Mc24MvTqyq1cb9SZuNZ5Ak7iAASBVfsBG,D6C324719AD0AA50A54E4F8DED8E8220D8698DD67B218B5429466C40E7F72657C015D86C7E4A
2.030159,179N3gZyNxbEpTKggryLjAuSuuTz9tcXZn,D6C324719AD0AA50A54E4F8DED8E8220D8698DD67B218B5429466C40E7F72657C015D86C7E4A
2.097349,1AphW4pVn4n2TdYGWTEwWf12u1UhXTonDo,D6C324719AD0AA50A54E4F8DED8E8220D8698DD67B218B5429466C40E7F72657C015D86C7E4A
2.084601,1A7cGbZiaVp941WmLqshbyVmkBK51XBZn4,D6C324719AD0AA50A54E4F8DED8E8220D8698DD67B218B5429466C40E7F72657C015D86C7E4A
2.08224,1DowrSHU5zWps4UEKkRqfhwW4VWxFRiRAk,D6C324719AD0AA50A54E4F8DED8E8220D8698DD67B218B5429466C40E7F72657C015D86C7E4A
2.044472,15Ld3UmvwFdiT4cTAXMmGtoPL5AecwaodF,D6C324719AD0AA50A54E4F8DED8E8220D8698DD67B218B5429466C40E7F72657C015D86C7E4A
2.012418,19YhKFN9Ldt92XCZQjDkqUSha1EctN233W,D6C324719AD0AA50A54E4F8DED8E8220D8698DD67B218B5429466C40E7F72657C015D86C7E4A
2.03794,17Yk4rK6MksXHbBec171PnuxX6sBfMjP63,D6C324719AD0AA50A54E4F8DED8E8220D8698DD67B218B5429466C40E7F72657C015D86C7E4A
2.032087,1DQDUheMN9Ye8FrYuMkhPw4jVAcE7rUFQX,D6C324719AD0AA50A54E4F8DED8E8220D8698DD67B218B5429466C40E7F72657C015D86C7E4A
2.071767,17XCRXQt6Jbdq3YHks1u2kxu1aXD221pTz,D6C324719AD0AA50A54E4F8DED8E8220D8698DD67B218B5429466C40E7F72657C015D86C7E4A
2.013474,1DTEUwHcQdgtDSroKorTCQ4V3ubBpBmQrH,D6C324719AD0AA50A54E4F8DED8E8220D8698DD67B218B5429466C40E7F72657C015D86C7E4A
2.014046,1H7HayxsqGwhPjW9UKchHnvZ8dszyMcqw1,D6C324719AD0AA50A54E4F8DED8E8220D8698DD67B218B5429466C40E7F72657C015D86C7E4A
2.049153,1HWQQeLTLSqeSGZLimScxZS5Q5AnGrba2v,D6C324719AD0AA50A54E4F8DED8E8220D8698DD67B218B5429466C40E7F72657C015D86C7E4A
2.0274,1MiWM9ZNvcYJHuvNtkUBUua4Ha31CQ8Ztd,D6C324719AD0AA50A54E4F8DED8E8220D8698DD67B218B5429466C40E7F72657C015D86C7E4A
2.041248,1AQgPftpg1BP7ZZ8rQvmnKe6tHErGY8GFE,D6C324719AD0AA50A54E4F8DED8E8220D8698DD67B218B5429466C40E7F72657C015D86C7E4A
2.050966,1Fh9REqVSWgcCVYhumPZfPib5vjecfenGW,D6C324719AD0AA50A54E4F8DED8E8220D8698DD67B218B5429466C40E7F72657C015D86C7E4A
2.0862,13uDY8sVnUM4NVAFAERU91v2mBBNaop9Me,D6C324719AD0AA50A54E4F8DED8E8220D8698DD67B218B5429466C40E7F72657C015D86C7E4A
2.06074,19cgL4SJcANpYFBxYKGTHDREyzQ6UHHRxb,D6C324719AD0AA50A54E4F8DED8E8220D8698DD67B218B5429466C40E7F72657C015D86C7E4A
2.063308,1LjtdmqJ8FyPUnyDzWeejBZ5TB1xCViuWK,D6C324719AD0AA50A54E4F8DED8E8220D8698DD67B218B5429466C40E7F72657C015D86C7E4A
2.05954,1MW2KaLZVkWhcdHZ1nrpWFckACBV5HcpbN,D6C324719AD0AA50A54E4F8DED8E8220D8698DD67B218B5429466C40E7F72657C015D86C7E4A
2.070558,1KYLa9TaBQvgEsMZe5q2Rum6jPZ9FRUcZ4,D6C324719AD0AA50A54E4F8DED8E8220D8698DD67B218B5429466C40E7F72657C015D86C7E4A
2.031446,1QExB5WBcoexsojDYaDorKt4MS7MdLWbp2,D6C324719AD0AA50A54E4F8DED8E8220D8698DD67B218B5429466C40E7F72657C015D86C7E4A
2.093634,13uDY8sVnUM4NVAFAERU91v2mBBNaop9Me,D6C324719AD0AA50A54E4F8DED8E8220D8698DD67B218B5429466C40E7F72657C015D86C7E4A
2.038013,1739qRyFhnAXRd5NjzqFuat7nXPNYkvrj7,D6C324719AD0AA50A54E4F8DED8E8220D8698DD67B218B5429466C40E7F72657C015D86C7E4A
2.057474,1MSpvw9eormwpRzkYpffFwLvid2PgsG1bJ,D6C324719AD0AA50A54E4F8DED8E8220D8698DD67B218B5429466C40E7F72657C015D86C7E4A
2.039209,163tCQsNxqapHAB1hnTCuTGkpo6mbYEbx7,D6C324719AD0AA50A54E4F8DED8E8220D8698DD67B218B5429466C40E7F72657C015D86C7E4A
2.036743,16z3Uy2uNRAJbXkH7HqNS5UU9fcriiU3dx,D6C324719AD0AA50A54E4F8DED8E8220D8698DD67B218B5429466C40E7F72657C015D86C7E4A
2.086058,15dq6j8jUy9WbDCWn8JNmT2VRohBJpUFpx,D6C324719AD0AA50A54E4F8DED8E8220D8698DD67B218B5429466C40E7F72657C015D86C7E4A
2.031848,1BHVcoBfetpYiAv6QyApB1fFULuf5Rk4Nj,D6C324719AD0AA50A54E4F8DED8E8220D8698DD67B218B5429466C40E7F72657C015D86C7E4A
2.02105,14wapK4AaHWCBSFdnoRb4ez9hbVcSwx1on,D6C324719AD0AA50A54E4F8DED8E8220D8698DD67B218B5429466C40E7F72657C015D86C7E4A
2.011045,13EVQyKcQJodMFiHX6tDSWf23SJWH9Xg5q,D6C324719AD0AA50A54E4F8DED8E8220D8698DD67B218B5429466C40E7F72657C015D86C7E4A
2.08321,19b2sKdBAsUBU1ddzyanV8ddCKU1cdDjN5,D6C324719AD0AA50A54E4F8DED8E8220D8698DD67B218B5429466C40E7F72657C015D86C7E4A
2.063351,1EnnEApdRsVYWVN7cwJPNzf8w8P9utYjuw,D6C324719AD0AA50A54E4F8DED8E8220D8698DD67B218B5429466C40E7F72657C015D86C7E4A
2.01428,18jTvqGPBqJZJNe8zsvGsTGZtpsnNrzdVH,D6C324719AD0AA50A54E4F8DED8E8220D8698DD67B218B5429466C40E7F72657C015D86C7E4A
2.030169,1NLfUYf8TfVCbbmtAtEyYFsZoXarXMF1KD,D6C324719AD0AA50A54E4F8DED8E8220D8698DD67B218B5429466C40E7F72657C015D86C7E4A
2.032712,1ErsyhGHfX5uLSKgxHXoZdPXp71M71Qsic,D6C324719AD0AA50A54E4F8DED8E8220D8698DD67B218B5429466C40E7F72657C015D86C7E4A
2.077975,18iTAYxdVqzJNPwJpbQUywSpburWJ8VEyH,D6C324719AD0AA50A54E4F8DED8E8220D8698DD67B218B5429466C40E7F72657C015D86C7E4A
2.034761,1KCuMhxGGrQAxvdwVaBnHeG63coSij28B,D6C324719AD0AA50A54E4F8DED8E8220D8698DD67B218B5429466C40E7F72657C015D86C7E4A
2.08375,1E2MpCJALdrSPuChVbmyKBY9tS1qEoGcsE,D6C324719AD0AA50A54E4F8DED8E8220D8698DD67B218B5429466C40E7F72657C015D86C7E4A
2.08692,1Ag4ULSLB2YhEpYSrS5XZsyqKaRTdfaxo1,D6C324719AD0AA50A54E4F8DED8E8220D8698DD67B218B5429466C40E7F72657C015D86C7E4A
2.011446,1NKKTvEtmrQn9c8grJhQfFu2cCCafq1EwD,D6C324719AD0AA50A54E4F8DED8E8220D8698DD67B218B5429466C40E7F72657C015D86C7E4A
2.026296,1QKiErq4EWFW2EAXVde4jsT3qJyimbmwpf,D6C324719AD0AA50A54E4F8DED8E8220D8698DD67B218B5429466C40E7F72657C015D86C7E4A
2.026431,1AM7jecFH9yyuxF7GCN8htNnxPTCxcBu3R,D6C324719AD0AA50A54E4F8DED8E8220D8698DD67B218B5429466C40E7F72657C015D86C7E4A
2.012615,1NRRYnBnpDXxFfW1YgHhn9eNQPFTqxsBGG,D6C324719AD0AA50A54E4F8DED8E8220D8698DD67B218B5429466C40E7F72657C015D86C7E4A
2.093807,1A1tk1QMJZR5U9Yz8HmHC7GzUz5Va8V4Hx,D6C324719AD0AA50A54E4F8DED8E8220D8698DD67B218B5429466C40E7F72657C015D86C7E4A
2.0609,163TBhAQwJEdcSUnmdZmKkNknmA5YCZRgL,D6C324719AD0AA50A54E4F8DED8E8220D8698DD67B218B5429466C40E7F72657C015D86C7E4A
2.068818,14Y3hDaESYHtdoCCxw77Sjp5JhyBcQKgqu,D6C324719AD0AA50A54E4F8DED8E8220D8698DD67B218B5429466C40E7F72657C015D86C7E4A
2.030257,1HcPgVQc34CFHfDA5eZwJ5Py6fYVyD3YY,D6C324719AD0AA50A54E4F8DED8E8220D8698DD67B218B5429466C40E7F72657C015D86C7E4A
2.058045,144HRZvPNhC731V2sqFo4iUQkajj3qutdM,D6C324719AD0AA50A54E4F8DED8E8220D8698DD67B218B5429466C40E7F72657C015D86C7E4A
2.040092,16REuJttkxLwEc1DVoDPAaDRmjCZDtnae9,D6C324719AD0AA50A54E4F8DED8E8220D8698DD67B218B5429466C40E7F72657C015D86C7E4A
2.090212,1JzNMKswvtDe3Fq42mMqVRFK2jhuFYDuRo,D6C324719AD0AA50A54E4F8DED8E8220D8698DD67B218B5429466C40E7F72657C015D86C7E4A
2.049255,1AxWX2DR8yzPFKwXhY9uxpuXJWr4kVHCmW,D6C324719AD0AA50A54E4F8DED8E8220D8698DD67B218B5429466C40E7F72657C015D86C7E4A
2.088046,1EvtXEwyN6KkPW6whupa7HiVojTaGEYVBJ,D6C324719AD0AA50A54E4F8DED8E8220D8698DD67B218B5429466C40E7F72657C015D86C7E4A
2.056578,1GskvTcuvyrtFgnEWmExJ5D99Zn3Gg546J,D6C324719AD0AA50A54E4F8DED8E8220D8698DD67B218B5429466C40E7F72657C015D86C7E4A
2.059182,1MjXs1i7Kw9N15TfyVFBgmm5QGBmevHRFQ,D6C324719AD0AA50A54E4F8DED8E8220D8698DD67B218B5429466C40E7F72657C015D86C7E4A
2.03647,1PVfRrjaAijE3ANjDzauT9wCMmpuH7GUxz,D6C324719AD0AA50A54E4F8DED8E8220D8698DD67B218B5429466C40E7F72657C015D86C7E4A
2.067721,1Q7j9iym8TXubCHJXuCLugqEXhg179m9mb,D6C324719AD0AA50A54E4F8DED8E8220D8698DD67B218B5429466C40E7F72657C015D86C7E4A
2.056074,1GoUuv1yuraGRZ6qotxHisPRRY7Qcpbg2P,D6C324719AD0AA50A54E4F8DED8E8220D8698DD67B218B5429466C40E7F72657C015D86C7E4A
2.081452,1CVbdRQQ3TeWaPWqARKP9wvAEPvavJDrKo,D6C324719AD0AA50A54E4F8DED8E8220D8698DD67B218B5429466C40E7F72657C015D86C7E4A
2.090681,1MYK5c3Y7vxBjQCbAwmUP5i1q4mxrwGZDZ,D6C324719AD0AA50A54E4F8DED8E8220D8698DD67B218B5429466C40E7F72657C015D86C7E4A
2.06709,1CRRfDWJbxhcqn2nWJT9MRDKtVTMrXi67m,D6C324719AD0AA50A54E4F8DED8E8220D8698DD67B218B5429466C40E7F72657C015D86C7E4A
2.091835,1NGaBgyQCyNHfeYAtGumzz5HDZpqL39o2M,D6C324719AD0AA50A54E4F8DED8E8220D8698DD67B218B5429466C40E7F72657C015D86C7E4A
2.076273,1A6CQ3eEjJYuyfNqaeMk5EyJZ9LH5xDkPR,D6C324719AD0AA50A54E4F8DED8E8220D8698DD67B218B5429466C40E7F72657C015D86C7E4A
2.075831,17n6bWmXXeLED1uJGsZeu9xgFimhEKN55m,D6C324719AD0AA50A54E4F8DED8E8220D8698DD67B218B5429466C40E7F72657C015D86C7E4A
2.099796,1JxJd7SuNMoSfsSGugAARxtJnw93ZxffBU,D6C324719AD0AA50A54E4F8DED8E8220D8698DD67B218B5429466C40E7F72657C015D86C7E4A
2.010023,1G1EHLMvcfcgmm5ZQEUEH12MANwhemp9vx,D6C324719AD0AA50A54E4F8DED8E8220D8698DD67B218B5429466C40E7F72657C015D86C7E4A
2.063634,1EcczFizcszE7QBFTNkjhHr3KzfP87upj1,D6C324719AD0AA50A54E4F8DED8E8220D8698DD67B218B5429466C40E7F72657C015D86C7E4A
2.042218,17dMStL9fMUo1xhD26meJJKff3BEkYzohp,D6C324719AD0AA50A54E4F8DED8E8220D8698DD67B218B5429466C40E7F72657C015D86C7E4A
2.075397,1FKojsALUjHESqgqbfZB2T6H8YrbPPzq9C,D6C324719AD0AA50A54E4F8DED8E8220D8698DD67B218B5429466C40E7F72657C015D86C7E4A
2.04,1PvSApcwvjqm5tdCM4bVG1C2DTQTt9YiBd,D6C324719AD0AA50A54E4F8DED8E8220D8698DD67B218B5429466C40E7F72657C015D86C7E4A
2.026304,1ESMvktfrzwj4iGjpPGygsTGNBabXkzv9B,D6C324719AD0AA50A54E4F8DED8E8220D8698DD67B218B5429466C40E7F72657C015D86C7E4A
2.041291,1N6rpatHHKPnNSgcEn3tCTCL9KUMwRPBGF,D6C324719AD0AA50A54E4F8DED8E8220D8698DD67B218B5429466C40E7F72657C015D86C7E4A
2.024336,1BDReN9uKCgEUeK7pxVR4T6B4gxcfiAutt,D6C324719AD0AA50A54E4F8DED8E8220D8698DD67B218B5429466C40E7F72657C015D86C7E4A
2.067077,1NN5dvGJ9JfeXZyDW56vMDscpT7uPPFWGa,D6C324719AD0AA50A54E4F8DED8E8220D8698DD67B218B5429466C40E7F72657C015D86C7E4A
2.09695,1yuuADVStwum9xFTHYm7ZK2gy2a7xWxMy,D6C324719AD0AA50A54E4F8DED8E8220D8698DD67B218B5429466C40E7F72657C015D86C7E4A
2.095326,1Ph3ksR5vV4d5KfrmD8j4EhADd7wGekKVY,D6C324719AD0AA50A54E4F8DED8E8220D8698DD67B218B5429466C40E7F72657C015D86C7E4A
2.054312,18Aa1UTf6PCaTQu7MQk3msvCMR7RTp6NSo,D6C324719AD0AA50A54E4F8DED8E8220D8698DD67B218B5429466C40E7F72657C015D86C7E4A
2.060234,1PtNp7BfAgaiGhU7DMTRmvACH4Y6AxsD8Y,D6C324719AD0AA50A54E4F8DED8E8220D8698DD67B218B5429466C40E7F72657C015D86C7E4A
2.011873,16fAyuogKXXvTWzgijSRxHjQVnALwWojoP,D6C324719AD0AA50A54E4F8DED8E8220D8698DD67B218B5429466C40E7F72657C015D86C7E4A
2.036143,12Ho14JqRX6QvxBiWkDkpkfL972V2JDZhC,D6C324719AD0AA50A54E4F8DED8E8220D8698DD67B218B5429466C40E7F72657C015D86C7E4A
2.096281,18v43QFibGswSu4oumLLeSnmXv6h9RTxTF,D6C324719AD0AA50A54E4F8DED8E8220D8698DD67B218B5429466C40E7F72657C015D86C7E4A
2.024268,1BeegogmHdpCBg6j1TZknbRg7MGZpQVRu1,D6C324719AD0AA50A54E4F8DED8E8220D8698DD67B218B5429466C40E7F72657C015D86C7E4A
2.026043,1AJsY5iTT4kPJRUaq6VLQssAxRpCWsWJS4,D6C324719AD0AA50A54E4F8DED8E8220D8698DD67B218B5429466C40E7F72657C015D86C7E4A
2.030779,18RvsNia2S3iDfATrzRKmcteqkcGBGp3Py,D6C324719AD0AA50A54E4F8DED8E8220D8698DD67B218B5429466C40E7F72657C015D86C7E4A
2.021524,1MhEEUWC1YGrp5Wk9iJP37Gt7i8w29XpRE,D6C324719AD0AA50A54E4F8DED8E8220D8698DD67B218B5429466C40E7F72657C015D86C7E4A
2.084869,16yKTX7zB3W9M3eBXPfq9Efvetunei7Awo,D6C324719AD0AA50A54E4F8DED8E8220D8698DD67B218B5429466C40E7F72657C015D86C7E4A
2.025897,1EKsu7R93VbzX2CtRq4pCiu65q2kTbUHVx,D6C324719AD0AA50A54E4F8DED8E8220D8698DD67B218B5429466C40E7F72657C015D86C7E4A
2.097695,13B1j4jFZchyou94vTtumFpaXyQaLunNFv,D6C324719AD0AA50A54E4F8DED8E8220D8698DD67B218B5429466C40E7F72657C015D86C7E4A
2.071841,1NYvxNQXjhXm7fg1eBSxHsbqy2B2Y4N6vv,D6C324719AD0AA50A54E4F8DED8E8220D8698DD67B218B5429466C40E7F72657C015D86C7E4A
2.015856,1fJ8Bj9D1cJeUgmoxCEegUfTjWg55GUYf,D6C324719AD0AA50A54E4F8DED8E8220D8698DD67B218B5429466C40E7F72657C015D86C7E4A
2.016361,1JT28CLJMNS8Vqx2vsk55miQNqapQNp7j,D6C324719AD0AA50A54E4F8DED8E8220D8698DD67B218B5429466C40E7F72657C015D86C7E4A
2.069491,1EpZD9fVBQEd1Pax9ZzT4QxJA6gBfxJurU,D6C324719AD0AA50A54E4F8DED8E8220D8698DD67B218B5429466C40E7F72657C015D86C7E4A
2.056562,1L2groZvgQNDWxE7CztDCfPAL5sXFqd4MB,D6C324719AD0AA50A54E4F8DED8E8220D8698DD67B218B5429466C40E7F72657C015D86C7E4A
2.093581,1VJXjTUFGVuMb6Gj7suumE2pVHqhRBp9f,D6C324719AD0AA50A54E4F8DED8E8220D8698DD67B218B5429466C40E7F72657C015D86C7E4A
2.051154,16wHUYCG9ao3WhvNw8GUjd6aiTQwr5zmHH,D6C324719AD0AA50A54E4F8DED8E8220D8698DD67B218B5429466C40E7F72657C015D86C7E4A
2.083324,1AFnRQsHBTcjAmTocZZiUihnnqsmi4BxJF,D6C324719AD0AA50A54E4F8DED8E8220D8698DD67B218B5429466C40E7F72657C015D86C7E4A
2.091246,1JhTtACT7MNHaFnYAdergFQLMCNcLQU97o,D6C324719AD0AA50A54E4F8DED8E8220D8698DD67B218B5429466C40E7F72657C015D86C7E4A
2.062414,1C1CPDCEAh5MJZkte8PMKN6zeDLhB9byUh,D6C324719AD0AA50A54E4F8DED8E8220D8698DD67B218B5429466C40E7F72657C015D86C7E4A
2.019418,16ciRda2q3Pfu6QfDQqHuW2y8zQLKf2UFW,D6C324719AD0AA50A54E4F8DED8E8220D8698DD67B218B5429466C40E7F72657C015D86C7E4A
2.068741,1PtjWL5oSgaRSHqxvXwtJ8n3HY6CeuArFE,D6C324719AD0AA50A54E4F8DED8E8220D8698DD67B218B5429466C40E7F72657C015D86C7E4A
2.021269,15Jy94PMhxkhW7xU2Yufscg7KSH7BCDpu4,D6C324719AD0AA50A54E4F8DED8E8220D8698DD67B218B5429466C40E7F72657C015D86C7E4A
2.075954,18vNjqircEuJSjbD7Sm5ipYNggYGoF2G2f,D6C324719AD0AA50A54E4F8DED8E8220D8698DD67B218B5429466C40E7F72657C015D86C7E4A
2.064274,1JdmMw6GPfit8e8czUCWjxvpB6Wdn3dYDD,D6C324719AD0AA50A54E4F8DED8E8220D8698DD67B218B5429466C40E7F72657C015D86C7E4A
2.090678,1BvMtV8c1DMGBAj7MAoPKYPM4mTPfU7BBc,D6C324719AD0AA50A54E4F8DED8E8220D8698DD67B218B5429466C40E7F72657C015D86C7E4A
2.08116,1DZoGdu1pXbdXMQK4X4FYE4g6uiGUngk6X,D6C324719AD0AA50A54E4F8DED8E8220D8698DD67B218B5429466C40E7F72657C015D86C7E4A
2.092135,16e6v8XooG3suty3txMDBhTnM9tNjpN6jT,D6C324719AD0AA50A54E4F8DED8E8220D8698DD67B218B5429466C40E7F72657C015D86C7E4A
2.015946,1PkjGjKNrKmiJyCgGdEuaAavvgrxtPf5dr,D6C324719AD0AA50A54E4F8DED8E8220D8698DD67B218B5429466C40E7F72657C015D86C7E4A
2.03642,1DYw39gG8R3Q3SvKnwrYbTdm8YevsksQ6m,D6C324719AD0AA50A54E4F8DED8E8220D8698DD67B218B5429466C40E7F72657C015D86C7E4A
2.035485,1CW66QgM78PzngZe1kYnTr3kmRYLbFuuaZ,D6C324719AD0AA50A54E4F8DED8E8220D8698DD67B218B5429466C40E7F72657C015D86C7E4A
2.091042,1EbEFxEz5kamFCkUgcbpvJhUm9oBs6K8MA,D6C324719AD0AA50A54E4F8DED8E8220D8698DD67B218B5429466C40E7F72657C015D86C7E4A
2.064966,1EWFG8MLcRxN36Z76BFfJa2ow7WxUKbB6n,D6C324719AD0AA50A54E4F8DED8E8220D8698DD67B218B5429466C40E7F72657C015D86C7E4A
2.071768,1DM3ybuWaNNnwyP7DCBv6ifUe3muFXX3mE,D6C324719AD0AA50A54E4F8DED8E8220D8698DD67B218B5429466C40E7F72657C015D86C7E4A
2.044217,19TrfunDTEP1RENWjMggmnFnvz6XmkLnKU,D6C324719AD0AA50A54E4F8DED8E8220D8698DD67B218B5429466C40E7F72657C015D86C7E4A
2.075981,12KUUcWtiSGoYupNnjRWifUv4gmj5E5uUi,D6C324719AD0AA50A54E4F8DED8E8220D8698DD67B218B5429466C40E7F72657C015D86C7E4A
2.093314,1QBd7JZ5hXmBJWjoBiQUYrrVL1KYEaffUY,D6C324719AD0AA50A54E4F8DED8E8220D8698DD67B218B5429466C40E7F72657C015D86C7E4A
2.013313,16P4SAN5amxsdmfipD6z9aK2H7hyxFsUFv,D6C324719AD0AA50A54E4F8DED8E8220D8698DD67B218B5429466C40E7F72657C015D86C7E4A
2.018657,1LMdr1gxHvRVtnrwKqmNXcVB8dQqzXMq9x,D6C324719AD0AA50A54E4F8DED8E8220D8698DD67B218B5429466C40E7F72657C015D86C7E4A
2.014123,1GhnQ1jN2bD4uWmSuUfZu6CnbuYvaA4BMu,D6C324719AD0AA50A54E4F8DED8E8220D8698DD67B218B5429466C40E7F72657C015D86C7E4A
2.033966,1BeQrh5qupy7KsSr2mVpDXuFDdVBzEDw1j,D6C324719AD0AA50A54E4F8DED8E8220D8698DD67B218B5429466C40E7F72657C015D86C7E4A
2.076243,17S12Ny9AeuCWmyZaVjf3j6Z8gQxZ6P3e3,D6C324719AD0AA50A54E4F8DED8E8220D8698DD67B218B5429466C40E7F72657C015D86C7E4A
2.09099,17SHgzH2mmr55oPLNCSMGiF5RZ4UP5eZxf,D6C324719AD0AA50A54E4F8DED8E8220D8698DD67B218B5429466C40E7F72657C015D86C7E4A
2.097425,1Axnn9X3m2k5k7rrAPH3icNJ83t1pLWQtJ,D6C324719AD0AA50A54E4F8DED8E8220D8698DD67B218B5429466C40E7F72657C015D86C7E4A
2.020298,18bu2Kds9Dbu6rzu5jgRqZp7qx5a56MFQs,D6C324719AD0AA50A54E4F8DED8E8220D8698DD67B218B5429466C40E7F72657C015D86C7E4A
2.05119,13a4Rat7GW2XdQjFsSYdqixKj9v5Kyb1NJ,D6C324719AD0AA50A54E4F8DED8E8220D8698DD67B218B5429466C40E7F72657C015D86C7E4A
2.07617,12jKVtrt7oMySbVMyZyLJokpL3nVTwRP2S,D6C324719AD0AA50A54E4F8DED8E8220D8698DD67B218B5429466C40E7F72657C015D86C7E4A
2.05279,1CuXoSH8iVXLempbuviC76wZDErv9ReRAB,D6C324719AD0AA50A54E4F8DED8E8220D8698DD67B218B5429466C40E7F72657C015D86C7E4A
2.049909,19P6rf4qX1UvL8uQCGa1DfTucHr4x1sVHC,D6C324719AD0AA50A54E4F8DED8E8220D8698DD67B218B5429466C40E7F72657C015D86C7E4A
2.053684,1NMohEri66RYSaeL123nktQtrUPGTNd2yK,D6C324719AD0AA50A54E4F8DED8E8220D8698DD67B218B5429466C40E7F72657C015D86C7E4A
2.024096,1aj5LoaZh41TAAWxxxXagctAzrB5Bn2Cj,D6C324719AD0AA50A54E4F8DED8E8220D8698DD67B218B5429466C40E7F72657C015D86C7E4A
2.080549,1C9YgMYs3nn9ArxXkhhCh23cK8x8kCpppj,D6C324719AD0AA50A54E4F8DED8E8220D8698DD67B218B5429466C40E7F72657C015D86C7E4A
2.03944,12dHjnSagigR7erHCZGsVyqP8E2oCrgKyY,D6C324719AD0AA50A54E4F8DED8E8220D8698DD67B218B5429466C40E7F72657C015D86C7E4A
2.044,19zMgPKDQ3YxWfBdDeZdpZ7kYWuw7EcYu7,D6C324719AD0AA50A54E4F8DED8E8220D8698DD67B218B5429466C40E7F72657C015D86C7E4A
2.042199,1Boe6UVMj8cdsCAUjd5j2VPVBQNd6b8jhf,D6C324719AD0AA50A54E4F8DED8E8220D8698DD67B218B5429466C40E7F72657C015D86C7E4A
2.043287,1DtdyV48HCP6QtMoqNhVRT2FM9wheUNdZZ,D6C324719AD0AA50A54E4F8DED8E8220D8698DD67B218B5429466C40E7F72657C015D86C7E4A
2.099993,16p9ye1wcbRvgd4W1RcYSz2aTgTQe8Bske,D6C324719AD0AA50A54E4F8DED8E8220D8698DD67B218B5429466C40E7F72657C015D86C7E4A
2.065227,1CzXf8MMi3cc1SmKEGqgoLdGGJAfUWwDC5,D6C324719AD0AA50A54E4F8DED8E8220D8698DD67B218B5429466C40E7F72657C015D86C7E4A
2.030734,192zE5X9aCg1x1JaYk4UNdA4Sk4bUykow3,D6C324719AD0AA50A54E4F8DED8E8220D8698DD67B218B5429466C40E7F72657C015D86C7E4A
2.036513,1G8RcUxS5FuEufThbZNwttfWuvMsaKsxuM,D6C324719AD0AA50A54E4F8DED8E8220D8698DD67B218B5429466C40E7F72657C015D86C7E4A
2.023296,15zY9KCFcMV1e6fzAyDsH3yb3xdLwoDw5h,D6C324719AD0AA50A54E4F8DED8E8220D8698DD67B218B5429466C40E7F72657C015D86C7E4A
2.030342,1BuZ2y23bXsRssLS3sW6dzw7hJhdTZ95c6,D6C324719AD0AA50A54E4F8DED8E8220D8698DD67B218B5429466C40E7F72657C015D86C7E4A
2.024252,1AySxDhmPFhtNSbdpcLroUoLzfwkonrdtS,D6C324719AD0AA50A54E4F8DED8E8220D8698DD67B218B5429466C40E7F72657C015D86C7E4A
2.087577,1BEfqcadbAWGLAptufwXYHj9sp1W58w69a,D6C324719AD0AA50A54E4F8DED8E8220D8698DD67B218B5429466C40E7F72657C015D86C7E4A
2.066086,15T4S13tkoD7fAtYGRBHbrezd8q31UmrLr,D6C324719AD0AA50A54E4F8DED8E8220D8698DD67B218B5429466C40E7F72657C015D86C7E4A
2.081049,13uDY8sVnUM4NVAFAERU91v2mBBNaop9Me,D6C324719AD0AA50A54E4F8DED8E8220D8698DD67B218B5429466C40E7F72657C015D86C7E4A
2.084628,1BaQc7iyvLuSVZUpTW2ucnLikxphi51Wqj,D6C324719AD0AA50A54E4F8DED8E8220D8698DD67B218B5429466C40E7F72657C015D86C7E4A
2.075653,16ajrd5cpTnAiu53Hq5gKU9WxUQZF2S1QZ,D6C324719AD0AA50A54E4F8DED8E8220D8698DD67B218B5429466C40E7F72657C015D86C7E4A
2.015334,1HhsGhGC5oUcMsu8dpsV9Hr2WvbiA2S3SC,D6C324719AD0AA50A54E4F8DED8E8220D8698DD67B218B5429466C40E7F72657C015D86C7E4A
2.053519,1dNVbEj94sGeMUZBokQzXqisgs5SeEHbq,D6C324719AD0AA50A54E4F8DED8E8220D8698DD67B218B5429466C40E7F72657C015D86C7E4A
2.063157,1Q4H2WfvTh3kApZCUiqan2un8w7GCbb4Ms,D6C324719AD0AA50A54E4F8DED8E8220D8698DD67B218B5429466C40E7F72657C015D86C7E4A
2.090714,1HSq4ocgWXFm5PzQDKXxD4z3JDJWTNrG2q,D6C324719AD0AA50A54E4F8DED8E8220D8698DD67B218B5429466C40E7F72657C015D86C7E4A
2.087434,1JQCDyunQ4Mac6VRVHujA7dFae3y63hm21,D6C324719AD0AA50A54E4F8DED8E8220D8698DD67B218B5429466C40E7F72657C015D86C7E4A
2.029114,1ccutPWxu4APx5yuqxHHxxttVANSa4XSx,D6C324719AD0AA50A54E4F8DED8E8220D8698DD67B218B5429466C40E7F72657C015D86C7E4A
2.04491,1Jxq9Q1CUC8HJCHGD9WskrUa4SzWvLezZt,D6C324719AD0AA50A54E4F8DED8E8220D8698DD67B218B5429466C40E7F72657C015D86C7E4A
2.056157,194KKeGhoYrvxDYnNtaLna5YDYAebUXYkH,D6C324719AD0AA50A54E4F8DED8E8220D8698DD67B218B5429466C40E7F72657C015D86C7E4A
2.048093,1PdPTaqz9ufLSM1bN4yhx9Y3ceCY2jVdmx,D6C324719AD0AA50A54E4F8DED8E8220D8698DD67B218B5429466C40E7F72657C015D86C7E4A
2.097217,1NRqzdeLddeu4Po8PAFpmHdVftuatLoSLZ,D6C324719AD0AA50A54E4F8DED8E8220D8698DD67B218B5429466C40E7F72657C015D86C7E4A
2.05751,1JngV6PrdPSZpmw5yP1H6pw78z9CbYBNmi,D6C324719AD0AA50A54E4F8DED8E8220D8698DD67B218B5429466C40E7F72657C015D86C7E4A
2.014573,18RreVkAmtvbDAqShXqEkQjCMXXo2fjAar,D6C324719AD0AA50A54E4F8DED8E8220D8698DD67B218B5429466C40E7F72657C015D86C7E4A
2.093097,1MwJ36XpNQDyB4PEzfX3NFsFDeg4kUMC9z,D6C324719AD0AA50A54E4F8DED8E8220D8698DD67B218B5429466C40E7F72657C015D86C7E4A
2.054896,1MwJ36XpNQDyB4PEzfX3NFsFDeg4kUMC9z,D6C324719AD0AA50A54E4F8DED8E8220D8698DD67B218B5429466C40E7F72657C015D86C7E4A
2.010592,19Uvzd5u1ze9UEqBdrrkVsYKA1YZQSCSzd,D6C324719AD0AA50A54E4F8DED8E8220D8698DD67B218B5429466C40E7F72657C015D86C7E4A
2.043972,1Q3csyAyipYVgzFpwJvWgsc6Se5FQRNkoW,D6C324719AD0AA50A54E4F8DED8E8220D8698DD67B218B5429466C40E7F72657C015D86C7E4A
2.060374,16YnvWvngWMdS3pFMLZtVUj5deZ1Jfwg88,D6C324719AD0AA50A54E4F8DED8E8220D8698DD67B218B5429466C40E7F72657C015D86C7E4A
2.036627,12hHkNLtt7LEB7XgFpW1UQm9hLKWHSZX5r,D6C324719AD0AA50A54E4F8DED8E8220D8698DD67B218B5429466C40E7F72657C015D86C7E4A
2.036827,1ccutPWxu4APx5yuqxHHxxttVANSa4XSx,D6C324719AD0AA50A54E4F8DED8E8220D8698DD67B218B5429466C40E7F72657C015D86C7E4A
2.040185,18D8wzERhDBdUFBa9LJvNp7fhrJw5YiwE9,D6C324719AD0AA50A54E4F8DED8E8220D8698DD67B218B5429466C40E7F72657C015D86C7E4A
2.08433,1E5SxBpiLd2sXZqG8o8URwewNcAvkZcpUS,D6C324719AD0AA50A54E4F8DED8E8220D8698DD67B218B5429466C40E7F72657C015D86C7E4A
2.081529,1H7qGzgJy9tcGDg1X74CYesVz7jwUXrhK6,D6C324719AD0AA50A54E4F8DED8E8220D8698DD67B218B5429466C40E7F72657C015D86C7E4A
2.046176,1GixnpX9xKDiboVjSaxS4EzSDUt9ZArHAN,D6C324719AD0AA50A54E4F8DED8E8220D8698DD67B218B5429466C40E7F72657C015D86C7E4A
2.088623,13sR3uLY7HELvyL4apWtjjVptNAN7fWbwg,D6C324719AD0AA50A54E4F8DED8E8220D8698DD67B218B5429466C40E7F72657C015D86C7E4A
2.092637,19SsKXFjcdz1b5BHM1PuMLG1d2kVrCo7Gf,D6C324719AD0AA50A54E4F8DED8E8220D8698DD67B218B5429466C40E7F72657C015D86C7E4A
2.099604,1LU2nk1EP5dHLk5kW673mDk6WEKbKmrc9D,D6C324719AD0AA50A54E4F8DED8E8220D8698DD67B218B5429466C40E7F72657C015D86C7E4A
2.078954,1GVmkZ2jXkFHwktmDvcs5dtQXt1bezX22T,D6C324719AD0AA50A54E4F8DED8E8220D8698DD67B218B5429466C40E7F72657C015D86C7E4A
2.073277,13UGnu8JaEDvsvYfhpKxcacp9ZiCkfn1Sd,D6C324719AD0AA50A54E4F8DED8E8220D8698DD67B218B5429466C40E7F72657C015D86C7E4A
2.072022,16SiLkuWGqhTp6T2DR8x5nR25GDphA27xv,D6C324719AD0AA50A54E4F8DED8E8220D8698DD67B218B5429466C40E7F72657C015D86C7E4A
2.047681,1FPU5Vi9gsL4C2DfwgbWXx92kFirY6Yt2T,D6C324719AD0AA50A54E4F8DED8E8220D8698DD67B218B5429466C40E7F72657C015D86C7E4A
2.06241,16deaEFaPe36x9vC2EvkmtGXcBXS3dnVNd,D6C324719AD0AA50A54E4F8DED8E8220D8698DD67B218B5429466C40E7F72657C015D86C7E4A
2.036081,1F6D65zqH5nqnj4iiNA65S4sGMbMJkYNkC,D6C324719AD0AA50A54E4F8DED8E8220D8698DD67B218B5429466C40E7F72657C015D86C7E4A
2.092081,1DfVXFGp8LikC6cKEkj9tXV7TNd45teb1L,D6C324719AD0AA50A54E4F8DED8E8220D8698DD67B218B5429466C40E7F72657C015D86C7E4A
2.013969,1KSqEUG78zxNk1yRbv6hLSS8eree82M2Ty,D6C324719AD0AA50A54E4F8DED8E8220D8698DD67B218B5429466C40E7F72657C015D86C7E4A
2.085732,19hUiYoMPDmQs5NEJ8euL9o7fgP86zf4Pj,D6C324719AD0AA50A54E4F8DED8E8220D8698DD67B218B5429466C40E7F72657C015D86C7E4A
2.051549,1CW2jWswXVP7LfnJ6ELNCJdq6kLjMcH518,D6C324719AD0AA50A54E4F8DED8E8220D8698DD67B218B5429466C40E7F72657C015D86C7E4A
2.022578,1PEMjv6fFXzMmKZpv19Xy3UH2r9fsqByMH,D6C324719AD0AA50A54E4F8DED8E8220D8698DD67B218B5429466C40E7F72657C015D86C7E4A
2.056154,1MKzSkPHJE25pcoad1NRYRPJSKBFRA2isM,D6C324719AD0AA50A54E4F8DED8E8220D8698DD67B218B5429466C40E7F72657C015D86C7E4A
2.075047,1KiHQv77zpiwBpYF2PxAoMLjzaqL5rUi1,D6C324719AD0AA50A54E4F8DED8E8220D8698DD67B218B5429466C40E7F72657C015D86C7E4A
2.034616,1EmKPxTfj5tfepnoGBjFLxGwMjoXTZ97qq,D6C324719AD0AA50A54E4F8DED8E8220D8698DD67B218B5429466C40E7F72657C015D86C7E4A
2.015154,1HZ9n8GM4Brb3Dtxzh6TAdSe2XJXctCqfU,D6C324719AD0AA50A54E4F8DED8E8220D8698DD67B218B5429466C40E7F72657C015D86C7E4A
2.016193,1MYYiTA3Mw5it4yUf78YVdQszHg1725e4p,D6C324719AD0AA50A54E4F8DED8E8220D8698DD67B218B5429466C40E7F72657C015D86C7E4A
2.071628,14QZtVVYWh7DBiMhcotsv5UvQWPNbwwSxD,D6C324719AD0AA50A54E4F8DED8E8220D8698DD67B218B5429466C40E7F72657C015D86C7E4A
2.092833,1DNT22QTF9o5cxtn8KAYKHhcNco1V7xbLw,D6C324719AD0AA50A54E4F8DED8E8220D8698DD67B218B5429466C40E7F72657C015D86C7E4A
2.019257,1N2BtYixYhBoyow383ZvhhQwSZZ7hBKQQ5,D6C324719AD0AA50A54E4F8DED8E8220D8698DD67B218B5429466C40E7F72657C015D86C7E4A
2.049987,13Dt83nFam5sFDADLrw1NvwuhPngVzBTP7,D6C324719AD0AA50A54E4F8DED8E8220D8698DD67B218B5429466C40E7F72657C015D86C7E4A
2.029691,1JG7mZqKxKnEYEGcK8HWzqZ3Tbrb87j5i,D6C324719AD0AA50A54E4F8DED8E8220D8698DD67B218B5429466C40E7F72657C015D86C7E4A
2.060706,129ZRRpYNPF3ruguJZ2WQ4B75jYhVhwcEP,D6C324719AD0AA50A54E4F8DED8E8220D8698DD67B218B5429466C40E7F72657C015D86C7E4A
2.07314,12AYbFqL52kHwAzyK2TEPRfdP56WM7sMZb,D6C324719AD0AA50A54E4F8DED8E8220D8698DD67B218B5429466C40E7F72657C015D86C7E4A
2.03589,1DaYbVoVy6XGfx3jf1TU95EVoM9aeJELSV,D6C324719AD0AA50A54E4F8DED8E8220D8698DD67B218B5429466C40E7F72657C015D86C7E4A
2.08903,17WWQN1hZcjgqFT2YqNa1FhvM986pAkWZx,D6C324719AD0AA50A54E4F8DED8E8220D8698DD67B218B5429466C40E7F72657C015D86C7E4A
2.03585,13vJWbuiXhDNsxADqB22xanmyzq8j1q2Fj,D6C324719AD0AA50A54E4F8DED8E8220D8698DD67B218B5429466C40E7F72657C015D86C7E4A
2.020354,1BYwqg5MHaR8NzokfJZm2k43Dns6nsBf5w,D6C324719AD0AA50A54E4F8DED8E8220D8698DD67B218B5429466C40E7F72657C015D86C7E4A
2.044848,14dFGJTdDbKMZpVYQZRB2eGruXXSGNu7mQ,D6C324719AD0AA50A54E4F8DED8E8220D8698DD67B218B5429466C40E7F72657C015D86C7E4A
2.051306,1KBf3gL78xYfGwrZXC3N2XP4rLRvWN9jEV,D6C324719AD0AA50A54E4F8DED8E8220D8698DD67B218B5429466C40E7F72657C015D86C7E4A
2.068364,1Kt56f51RCtmHz2kUBGSdQKW6mjxk4LcVr,D6C324719AD0AA50A54E4F8DED8E8220D8698DD67B218B5429466C40E7F72657C015D86C7E4A
2.052305,1EmoKpdD9ajPpE7r5M3KkWE859urKfKFMz,D6C324719AD0AA50A54E4F8DED8E8220D8698DD67B218B5429466C40E7F72657C015D86C7E4A
2.094909,1Hoxq9BVsBHmDkf9Wrujao7q2gXw5vyu69,D6C324719AD0AA50A54E4F8DED8E8220D8698DD67B218B5429466C40E7F72657C015D86C7E4A
2.060814,1JG7mZqKxKnEYEGcK8HWzqZ3Tbrb87j5i,D6C324719AD0AA50A54E4F8DED8E8220D8698DD67B218B5429466C40E7F72657C015D86C7E4A
2.033194,1GpYi5N8ENArYG92oL8JeUbhDRds3PKx2o,D6C324719AD0AA50A54E4F8DED8E8220D8698DD67B218B5429466C40E7F72657C015D86C7E4A
2.07695,14ZcVVHpXE7U5uJnkUVuSAYb1Vj64MrFbb,D6C324719AD0AA50A54E4F8DED8E8220D8698DD67B218B5429466C40E7F72657C015D86C7E4A
2.073276,18Xu57abbuEonMWe7NW5AjeJ2akcaZ3xeP,D6C324719AD0AA50A54E4F8DED8E8220D8698DD67B218B5429466C40E7F72657C015D86C7E4A
2.094891,1JZmqRJEfmNDZQV4YfL5mxvgkHsMfVTxc9,D6C324719AD0AA50A54E4F8DED8E8220D8698DD67B218B5429466C40E7F72657C015D86C7E4A
2.045728,17RbFfTq4JkFohmXvk8ueFmu6L7xXKhUpL,D6C324719AD0AA50A54E4F8DED8E8220D8698DD67B218B5429466C40E7F72657C015D86C7E4A
2.049178,18qk9NCkSuDiXS1ku8cY7LYjrT2buyMRTg,D6C324719AD0AA50A54E4F8DED8E8220D8698DD67B218B5429466C40E7F72657C015D86C7E4A
2.011727,13LDnMEd1qT8aT35dgf2jVoqdm2GUkWBVr,D6C324719AD0AA50A54E4F8DED8E8220D8698DD67B218B5429466C40E7F72657C015D86C7E4A
2.037907,15tafwmVVaYVhbXqsXFv6DProB5B8iMsps,D6C324719AD0AA50A54E4F8DED8E8220D8698DD67B218B5429466C40E7F72657C015D86C7E4A
2.08,1DABwB6JrWkRqSSMwiSNRVC2JPXtLFiDGF,D6C324719AD0AA50A54E4F8DED8E8220D8698DD67B218B5429466C40E7F72657C015D86C7E4A
2.015793,1HnoehgqTUEMRnge5qz8B8JTtCVbioJvbk,D6C324719AD0AA50A54E4F8DED8E8220D8698DD67B218B5429466C40E7F72657C015D86C7E4A
2.092449,1DemtyZ7gEsZrLpAhiWiYoaa4Da1Eaxinj,D6C324719AD0AA50A54E4F8DED8E8220D8698DD67B218B5429466C40E7F72657C015D86C7E4A
2.01503,1QKiHWDKCaReimFZT32oTNRPkJTG7HwMab,D6C324719AD0AA50A54E4F8DED8E8220D8698DD67B218B5429466C40E7F72657C015D86C7E4A
2.059089,1DbUjDh9Ndrpuf6m9SMupeZ7tGosk3AvRU,D6C324719AD0AA50A54E4F8DED8E8220D8698DD67B218B5429466C40E7F72657C015D86C7E4A
2.094019,15mACJngyvf9qSw1Ecj4GKTJ6nqqFwQbno,D6C324719AD0AA50A54E4F8DED8E8220D8698DD67B218B5429466C40E7F72657C015D86C7E4A
2.078172,14GZhkDV4tYrtT6N7wtmxR6FQKFppTqoYF,D6C324719AD0AA50A54E4F8DED8E8220D8698DD67B218B5429466C40E7F72657C015D86C7E4A
2.022724,1MDSgVTSYifFKsGAsRr9SNDN66RXXn5aKH,D6C324719AD0AA50A54E4F8DED8E8220D8698DD67B218B5429466C40E7F72657C015D86C7E4A
2.0627,1A4gKRfHcDB99mLYStFAuf3WNCBT66j9GD,D6C324719AD0AA50A54E4F8DED8E8220D8698DD67B218B5429466C40E7F72657C015D86C7E4A
2.085371,1Gfsqb3KJFAZnme1Ko19SdyotfQuxvxUtp,D6C324719AD0AA50A54E4F8DED8E8220D8698DD67B218B5429466C40E7F72657C015D86C7E4A
2.060523,1DDdvn5tf3UQWnQ4G5gxJQxRpEKf9pXC8f,D6C324719AD0AA50A54E4F8DED8E8220D8698DD67B218B5429466C40E7F72657C015D86C7E4A
2.084512,1ByJwQ9ei99sJJF8QUxyfewpLtspdUxcqU,D6C324719AD0AA50A54E4F8DED8E8220D8698DD67B218B5429466C40E7F72657C015D86C7E4A
2.063615,1RAsqyeSXgMFDPwNCkpdWn5UbC8ZwCLxB,D6C324719AD0AA50A54E4F8DED8E8220D8698DD67B218B5429466C40E7F72657C015D86C7E4A
2.043577,1K2TkCWA7ZnehfMMSgQcbjf94xSXhXkvZt,D6C324719AD0AA50A54E4F8DED8E8220D8698DD67B218B5429466C40E7F72657C015D86C7E4A
2.051743,18me1wEs7Gfthkw7mw8oiMPfTSH9jj9hxs,D6C324719AD0AA50A54E4F8DED8E8220D8698DD67B218B5429466C40E7F72657C015D86C7E4A
2.055507,1NmJbufFj6JKVqgEqo9QqB941RWgvWuJHj,D6C324719AD0AA50A54E4F8DED8E8220D8698DD67B218B5429466C40E7F72657C015D86C7E4A
2.078043,1EjQTzSJStBSnYgzRsEkuxFHXfZjNbHyL6,D6C324719AD0AA50A54E4F8DED8E8220D8698DD67B218B5429466C40E7F72657C015D86C7E4A
2.027505,1d5igqpzyGzBT9fPmDNU4PTBfweES2ecD,D6C324719AD0AA50A54E4F8DED8E8220D8698DD67B218B5429466C40E7F72657C015D86C7E4A
2.070643,1DgdaQxDrnPSAYEAKMFn6QwtmWLakuJsgo,D6C324719AD0AA50A54E4F8DED8E8220D8698DD67B218B5429466C40E7F72657C015D86C7E4A
2.086929,1CX5X9a7FZbbuqJXoT9z951bXa14h34Vek,D6C324719AD0AA50A54E4F8DED8E8220D8698DD67B218B5429466C40E7F72657C015D86C7E4A
2.038401,1Q1GopiVus1ybwMzx3b1EVUkd6NLaZCFhx,D6C324719AD0AA50A54E4F8DED8E8220D8698DD67B218B5429466C40E7F72657C015D86C7E4A
2.033094,1E1JQAbxgAMX8SomDgb2DnEQTHuwFvxMX3,D6C324719AD0AA50A54E4F8DED8E8220D8698DD67B218B5429466C40E7F72657C015D86C7E4A
2.022674,1CdWAynTVkGzs7pCEXBiej5EpoCCHR7XR3,D6C324719AD0AA50A54E4F8DED8E8220D8698DD67B218B5429466C40E7F72657C015D86C7E4A
2.06175,1EdzfSPyG1N4bRa1JaGcqfJjdgw2hfU9oS,D6C324719AD0AA50A54E4F8DED8E8220D8698DD67B218B5429466C40E7F72657C015D86C7E4A
2.054444,1L2xrcFz8tZufMT3LUriXSeG9Fvo9pjCQR,D6C324719AD0AA50A54E4F8DED8E8220D8698DD67B218B5429466C40E7F72657C015D86C7E4A
2.042603,12F828yxCGSv74EaYXJZraFqmQfMwGz6o5,D6C324719AD0AA50A54E4F8DED8E8220D8698DD67B218B5429466C40E7F72657C015D86C7E4A
2.044699,1Lamo6vHKmcZQ8uznPERKdcePa7z9dR1tj,D6C324719AD0AA50A54E4F8DED8E8220D8698DD67B218B5429466C40E7F72657C015D86C7E4A
2.090794,1KUxKoT8YeKC3QYzPa2mYAVmnyNGMXD8UX,D6C324719AD0AA50A54E4F8DED8E8220D8698DD67B218B5429466C40E7F72657C015D86C7E4A
2.041536,1MquuQnCPkwANN2J9dMmQonFouQjzyEJF7,D6C324719AD0AA50A54E4F8DED8E8220D8698DD67B218B5429466C40E7F72657C015D86C7E4A
2.091476,19RZQLZRqRwLbduybjtLfvKwKUGt6kxF5L,D6C324719AD0AA50A54E4F8DED8E8220D8698DD67B218B5429466C40E7F72657C015D86C7E4A
2.011774,1Q6U1sPx9xxpt2qgsS18UG3ebxjJjLvs8G,D6C324719AD0AA50A54E4F8DED8E8220D8698DD67B218B5429466C40E7F72657C015D86C7E4A
2.044463,1EsnCPE3Jmw2jKnh2bJa4cteybcykGX6M4,D6C324719AD0AA50A54E4F8DED8E8220D8698DD67B218B5429466C40E7F72657C015D86C7E4A
2.056587,11QbW3nrgsRVq4tbJCFigfTGYes9KjSW5,D6C324719AD0AA50A54E4F8DED8E8220D8698DD67B218B5429466C40E7F72657C015D86C7E4A
2.092939,1KYLa9TaBQvgEsMZe5q2Rum6jPZ9FRUcZ4,D6C324719AD0AA50A54E4F8DED8E8220D8698DD67B218B5429466C40E7F72657C015D86C7E4A
2.06148,1GamR51XkjBcfvd2ogaXA7E3gPqzJ9spT6,D6C324719AD0AA50A54E4F8DED8E8220D8698DD67B218B5429466C40E7F72657C015D86C7E4A
2.08653,1KNWyeMPfFwE5vubfvkggDMxAkvDocpuJY,D6C324719AD0AA50A54E4F8DED8E8220D8698DD67B218B5429466C40E7F72657C015D86C7E4A
2.064016,17ojyeMJhJig1CLPmgEpaaTBcHC33WYUR3,D6C324719AD0AA50A54E4F8DED8E8220D8698DD67B218B5429466C40E7F72657C015D86C7E4A
2.072826,1N8fXpYbPCV2B4KBpMJfzwcmrfCJ1DwFCi,D6C324719AD0AA50A54E4F8DED8E8220D8698DD67B218B5429466C40E7F72657C015D86C7E4A
2.0123,1AcPXAAZneNWSa4mySv4CMBLQPC8bd376w,D6C324719AD0AA50A54E4F8DED8E8220D8698DD67B218B5429466C40E7F72657C015D86C7E4A
2.080168,19YHRuh2cFGpnMWX84GP2qK59o9UC4WpTZ,D6C324719AD0AA50A54E4F8DED8E8220D8698DD67B218B5429466C40E7F72657C015D86C7E4A
2.068279,1Mw8KApeChJRtrLKQzN8q5TqWY5Xkx9ffy,D6C324719AD0AA50A54E4F8DED8E8220D8698DD67B218B5429466C40E7F72657C015D86C7E4A
2.049099,1KtnvjaKSXY9qH4pigVnuix14Kr9yXe5w2,D6C324719AD0AA50A54E4F8DED8E8220D8698DD67B218B5429466C40E7F72657C015D86C7E4A
2.0559,1HXCMW4qfvhm9o9VpD55PvxsFDyay4qA63,D6C324719AD0AA50A54E4F8DED8E8220D8698DD67B218B5429466C40E7F72657C015D86C7E4A
2.098149,1CJFi9xSxKHWDsDp4b9VgjovMZtgUEznaR,D6C324719AD0AA50A54E4F8DED8E8220D8698DD67B218B5429466C40E7F72657C015D86C7E4A
2.094659,1AvKu7vSB52q6gebBrmca4ShUdYrTx7LxX,D6C324719AD0AA50A54E4F8DED8E8220D8698DD67B218B5429466C40E7F72657C015D86C7E4A
2.07582,1BekB5jh9TsG11C9XtL88xny6SCuZH311A,D6C324719AD0AA50A54E4F8DED8E8220D8698DD67B218B5429466C40E7F72657C015D86C7E4A
2.051984,1H65AnxCg7mT4rTZmRzH8cxENk1N12rhkZ,D6C324719AD0AA50A54E4F8DED8E8220D8698DD67B218B5429466C40E7F72657C015D86C7E4A
2.012815,17Rnv6mFzmEdQf1BZiGBHJSZsAUp22qDKX,D6C324719AD0AA50A54E4F8DED8E8220D8698DD67B218B5429466C40E7F72657C015D86C7E4A
2.091192,17Zo9sEpfQvW98VYx3ikQvSCddQ6iEW2c8,D6C324719AD0AA50A54E4F8DED8E8220D8698DD67B218B5429466C40E7F72657C015D86C7E4A
2.019271,12vyCxbvVD9efCubZZmqcdXD735bS8hqpc,D6C324719AD0AA50A54E4F8DED8E8220D8698DD67B218B5429466C40E7F72657C015D86C7E4A
2.033597,14EWcQXByPtFrd8Y1u3tSjWftAUin1sAWj,D6C324719AD0AA50A54E4F8DED8E8220D8698DD67B218B5429466C40E7F72657C015D86C7E4A
2.063955,1AiFTDG41eoXdRpZUSYBEm3jdTpxPMKkw,D6C324719AD0AA50A54E4F8DED8E8220D8698DD67B218B5429466C40E7F72657C015D86C7E4A
2.039778,1KC7PGgsraJuRZ6uik98W6awtZwUf8kb8w,D6C324719AD0AA50A54E4F8DED8E8220D8698DD67B218B5429466C40E7F72657C015D86C7E4A
2.012622,18TSGk7EMjPXALVSotdDwd25uosHnXzC2W,D6C324719AD0AA50A54E4F8DED8E8220D8698DD67B218B5429466C40E7F72657C015D86C7E4A
2.098343,1BXnie3dScWyNi8j1WfyVRepCwWPkUihfv,D6C324719AD0AA50A54E4F8DED8E8220D8698DD67B218B5429466C40E7F72657C015D86C7E4A
2.062208,17LGWb8FH3MGwUjo7ytSpMtxTa3WeiFm5e,D6C324719AD0AA50A54E4F8DED8E8220D8698DD67B218B5429466C40E7F72657C015D86C7E4A
2.03331,1pRhUvHUkSs626uLYvTakyh5jHLP1kjpg,D6C324719AD0AA50A54E4F8DED8E8220D8698DD67B218B5429466C40E7F72657C015D86C7E4A
2.032842,1HhQFACC5dFHiUKgs388Ana3AbpXRv4ay8,D6C324719AD0AA50A54E4F8DED8E8220D8698DD67B218B5429466C40E7F72657C015D86C7E4A
2.084589,1CM98i2Q2Gn7j8nZyxDDtSHReZi5UfdJNk,D6C324719AD0AA50A54E4F8DED8E8220D8698DD67B218B5429466C40E7F72657C015D86C7E4A
2.02933,1LgMc6iakmNrPTs7RHLuiJisAZd4LJmLdr,D6C324719AD0AA50A54E4F8DED8E8220D8698DD67B218B5429466C40E7F72657C015D86C7E4A
2.023735,1Dkd6S5HMzHXLaUjRb5GDrJirjUMk2bAtt,D6C324719AD0AA50A54E4F8DED8E8220D8698DD67B218B5429466C40E7F72657C015D86C7E4A
2.089429,1N3E7Pyz2Cb2tfJPvVWSkUa1hSN7mCZ3AJ,D6C324719AD0AA50A54E4F8DED8E8220D8698DD67B218B5429466C40E7F72657C015D86C7E4A
2.010834,16sLB2bJFJ7ksQS8H2vPx5q8CcgCxAgnFg,D6C324719AD0AA50A54E4F8DED8E8220D8698DD67B218B5429466C40E7F72657C015D86C7E4A
2.013766,1AqhyDNXh97ENDnZvo6qJtBujF1AqdGWRH,D6C324719AD0AA50A54E4F8DED8E8220D8698DD67B218B5429466C40E7F72657C015D86C7E4A
2.058398,15Pycy6pFmgAFTpTTGPXunRYRidAn34sKW,D6C324719AD0AA50A54E4F8DED8E8220D8698DD67B218B5429466C40E7F72657C015D86C7E4A
2.098785,1ERh4UsuJMwDVsUUXq3pBnrHhjWzjNjBN2,D6C324719AD0AA50A54E4F8DED8E8220D8698DD67B218B5429466C40E7F72657C015D86C7E4A
2.086644,1JqAqsD5QbMG5YmAwAYVDoHBhFREFXXyMk,D6C324719AD0AA50A54E4F8DED8E8220D8698DD67B218B5429466C40E7F72657C015D86C7E4A
2.02516,1FHKd9VTobMEhh8uf9nookWuqwyuPBbKnX,D6C324719AD0AA50A54E4F8DED8E8220D8698DD67B218B5429466C40E7F72657C015D86C7E4A
2.092883,1CbWQixxo2Ry6Qf4g6Xyk44UuP8xgn9x6A,D6C324719AD0AA50A54E4F8DED8E8220D8698DD67B218B5429466C40E7F72657C015D86C7E4A
2.040358,1NNoWEXENmRsa4S2vdyBthkSypGcHRaiVk,D6C324719AD0AA50A54E4F8DED8E8220D8698DD67B218B5429466C40E7F72657C015D86C7E4A
2.048653,1Mi8bnqmkgVgKG4BFxVZTpLzdLaJd5qGeA,D6C324719AD0AA50A54E4F8DED8E8220D8698DD67B218B5429466C40E7F72657C015D86C7E4A
2.099133,1ESjKaBe9KoVLVQoNyZciAmKJimxWMsihc,D6C324719AD0AA50A54E4F8DED8E8220D8698DD67B218B5429466C40E7F72657C015D86C7E4A
2.015844,1F4GXoXuX6iTgsfQfp8CBwkN9EmWYdcWmW,D6C324719AD0AA50A54E4F8DED8E8220D8698DD67B218B5429466C40E7F72657C015D86C7E4A
2.012116,1JNAqj2BuXpLwBnQrmEMeeBV7diSdKuYmo,D6C324719AD0AA50A54E4F8DED8E8220D8698DD67B218B5429466C40E7F72657C015D86C7E4A
2.043715,12jz7jg7id83vccDtz4pf1ZVmu6Fxokd4b,D6C324719AD0AA50A54E4F8DED8E8220D8698DD67B218B5429466C40E7F72657C015D86C7E4A
2.037853,1EajXkqi1mBNxNEWwE5biskTU1k7HFRpxW,D6C324719AD0AA50A54E4F8DED8E8220D8698DD67B218B5429466C40E7F72657C015D86C7E4A
2.071702,1P7JyXm3rJBeGxdHWkqRKkLvhoTsW1WPMW,D6C324719AD0AA50A54E4F8DED8E8220D8698DD67B218B5429466C40E7F72657C015D86C7E4A
2.063725,1MKzSkPHJE25pcoad1NRYRPJSKBFRA2isM,D6C324719AD0AA50A54E4F8DED8E8220D8698DD67B218B5429466C40E7F72657C015D86C7E4A
2.028067,163irhCcvs29SNwJbz5pX6jvnFQ6a4bi5d,D6C324719AD0AA50A54E4F8DED8E8220D8698DD67B218B5429466C40E7F72657C015D86C7E4A
2.044262,1Hn4JNNAFhThY7pk6FVsaWVNKQC2WHWQpC,D6C324719AD0AA50A54E4F8DED8E8220D8698DD67B218B5429466C40E7F72657C015D86C7E4A
2.06754,1D8De1xF3vViYWBY1LSUwjo2f81c49C3Zv,D6C324719AD0AA50A54E4F8DED8E8220D8698DD67B218B5429466C40E7F72657C015D86C7E4A
2.097753,1MVL7tKNUFJKnSycYr9Maq4zK9YTcVjhJF,D6C324719AD0AA50A54E4F8DED8E8220D8698DD67B218B5429466C40E7F72657C015D86C7E4A
2.032823,1JWwynwthbP1bV4Uq9tWEDosZ8dJnVnJ7u,D6C324719AD0AA50A54E4F8DED8E8220D8698DD67B218B5429466C40E7F72657C015D86C7E4A
2.043597,1EthPa6L2HiN99sAoXkQNSJQ9Phs33Ji2T,D6C324719AD0AA50A54E4F8DED8E8220D8698DD67B218B5429466C40E7F72657C015D86C7E4A
2.056927,1MQxpW3Hrpr3pZRYkBMLmafvnjV5EMLpsM,D6C324719AD0AA50A54E4F8DED8E8220D8698DD67B218B5429466C40E7F72657C015D86C7E4A
2.01884,1EiSmEqCJtwAUSicuVJQSCy9r4YNnoEqFB,D6C324719AD0AA50A54E4F8DED8E8220D8698DD67B218B5429466C40E7F72657C015D86C7E4A
2.038217,19R3GfPBEjUcGQkijwP2sjHoSGCv9KUgk5,D6C324719AD0AA50A54E4F8DED8E8220D8698DD67B218B5429466C40E7F72657C015D86C7E4A
2.073651,18QneJY9VCQBbd8WpqUCVTJWHJ3JSghTfy,D6C324719AD0AA50A54E4F8DED8E8220D8698DD67B218B5429466C40E7F72657C015D86C7E4A
2.02772,1N8YqMNEWAytTXRP9g3utUJKzTiBmvpUUg,D6C324719AD0AA50A54E4F8DED8E8220D8698DD67B218B5429466C40E7F72657C015D86C7E4A
2.052879,15XTqyxfq4h2U8jn5rqF5VhJHh4SUgShMx,D6C324719AD0AA50A54E4F8DED8E8220D8698DD67B218B5429466C40E7F72657C015D86C7E4A
2.067057,1LF7C9sQQYcAduHk7M9V9UBb3qANJA673e,D6C324719AD0AA50A54E4F8DED8E8220D8698DD67B218B5429466C40E7F72657C015D86C7E4A
2.037482,12jWuBSMeYEeDwgukmygTxHX9YLrqmXCBC,D6C324719AD0AA50A54E4F8DED8E8220D8698DD67B218B5429466C40E7F72657C015D86C7E4A
2.026869,19mm3c9TL4AjENSjcQ3DuXP3i6PLETvZnh,D6C324719AD0AA50A54E4F8DED8E8220D8698DD67B218B5429466C40E7F72657C015D86C7E4A
2.034873,1KjBsMGh9u9PhrNmkVHKJLNRnRm2p2ayr3,D6C324719AD0AA50A54E4F8DED8E8220D8698DD67B218B5429466C40E7F72657C015D86C7E4A
2.074838,16FwMZRpUU86nqDPYETF6RwFRpVURcXEYh,D6C324719AD0AA50A54E4F8DED8E8220D8698DD67B218B5429466C40E7F72657C015D86C7E4A
2.078307,19S56A21563twJFVRcNohwh9vp58gGqiJ4,D6C324719AD0AA50A54E4F8DED8E8220D8698DD67B218B5429466C40E7F72657C015D86C7E4A
2.096706,1Bc9j52jZrQs6VVzXoifvD6M8EjboN3uyj,D6C324719AD0AA50A54E4F8DED8E8220D8698DD67B218B5429466C40E7F72657C015D86C7E4A
2.07941,1ARTQnFBuWrLYjVuvc3DncdUCWdPvTPUHP,D6C324719AD0AA50A54E4F8DED8E8220D8698DD67B218B5429466C40E7F72657C015D86C7E4A
2.032989,1Ctb9qfAF6xs6E7r1jCPaDejC6jiXBvqfs,D6C324719AD0AA50A54E4F8DED8E8220D8698DD67B218B5429466C40E7F72657C015D86C7E4A
2.095693,1Np1s7JKSgijnFWrTdSRrYmQjPJPNcgg61,D6C324719AD0AA50A54E4F8DED8E8220D8698DD67B218B5429466C40E7F72657C015D86C7E4A
2.043413,19NYsqm68hLs3AiKUfETze7qySHM7JvEhw,D6C324719AD0AA50A54E4F8DED8E8220D8698DD67B218B5429466C40E7F72657C015D86C7E4A
2.01213,1FitTmD3sxXPtDfJzry89r3U7QKrq4E1NB,D6C324719AD0AA50A54E4F8DED8E8220D8698DD67B218B5429466C40E7F72657C015D86C7E4A
2.07237,1P3Z54rQkJoKm4fk6tW1VB9nVSVMFeXZET,D6C324719AD0AA50A54E4F8DED8E8220D8698DD67B218B5429466C40E7F72657C015D86C7E4A
2.089576,1E1JQAbxgAMX8SomDgb2DnEQTHuwFvxMX3,D6C324719AD0AA50A54E4F8DED8E8220D8698DD67B218B5429466C40E7F72657C015D86C7E4A
2.091011,181am5ivgiVvwJcn2BoRU8iGz1RjWpE7La,D6C324719AD0AA50A54E4F8DED8E8220D8698DD67B218B5429466C40E7F72657C015D86C7E4A
2.06755,18Bd332yYeXhjqxSdFpwCVvDTi7vDX49f5,D6C324719AD0AA50A54E4F8DED8E8220D8698DD67B218B5429466C40E7F72657C015D86C7E4A
2.078864,1LFwj2wqzK11pZt7y5Fct4Xutp2NDuRSav,D6C324719AD0AA50A54E4F8DED8E8220D8698DD67B218B5429466C40E7F72657C015D86C7E4A
2.073243,12VqnGGCccvEeR5eUQToYtVArxHmH4ixb6,D6C324719AD0AA50A54E4F8DED8E8220D8698DD67B218B5429466C40E7F72657C015D86C7E4A
2.088843,1Nkoi9bTTk8j95qfbmotNfu4nUmd2Nsemk,D6C324719AD0AA50A54E4F8DED8E8220D8698DD67B218B5429466C40E7F72657C015D86C7E4A
2.046633,12V9TcicLTVvV6BxKabJXhZZKP2a8vq4K4,D6C324719AD0AA50A54E4F8DED8E8220D8698DD67B218B5429466C40E7F72657C015D86C7E4A
2.082653,1GGTAA5hikKYwWJmvxxVgY6yKmHzEU7uLY,D6C324719AD0AA50A54E4F8DED8E8220D8698DD67B218B5429466C40E7F72657C015D86C7E4A
2.051042,1127pxjX3P7MbKLfWRQ1X6vvt17jARtmap,D6C324719AD0AA50A54E4F8DED8E8220D8698DD67B218B5429466C40E7F72657C015D86C7E4A
2.080685,1Q1mAWe3h4j7GEPCj8HizULDs61XMxc4Zh,D6C324719AD0AA50A54E4F8DED8E8220D8698DD67B218B5429466C40E7F72657C015D86C7E4A
2.058316,1a4XMc2QrkDNfTY1d8bLSoNx81UYwQJe1,D6C324719AD0AA50A54E4F8DED8E8220D8698DD67B218B5429466C40E7F72657C015D86C7E4A
2.01154,1A7UHDkyaYvpWRMr7bqjSsoRzuBRdixVQv,D6C324719AD0AA50A54E4F8DED8E8220D8698DD67B218B5429466C40E7F72657C015D86C7E4A
2.027003,1JuDHZ52d1XNrZ5f38T64eNiRxxuyGTAV5,D6C324719AD0AA50A54E4F8DED8E8220D8698DD67B218B5429466C40E7F72657C015D86C7E4A
2.067112,12zDiGhmrTG4aetimess2vvEagbTfgTti9,D6C324719AD0AA50A54E4F8DED8E8220D8698DD67B218B5429466C40E7F72657C015D86C7E4A
2.060965,1CodtL82HbBr2LN1nEMWX7Zn2oBBZeJnAa,D6C324719AD0AA50A54E4F8DED8E8220D8698DD67B218B5429466C40E7F72657C015D86C7E4A
2.042776,1PFyiiC5otU9mP5MabZb7cDJ2QiHS3uKj5,D6C324719AD0AA50A54E4F8DED8E8220D8698DD67B218B5429466C40E7F72657C015D86C7E4A
2.021735,1JeNMCpJ9YLAx9v3U1zCwEgkS5vM3X5F6S,D6C324719AD0AA50A54E4F8DED8E8220D8698DD67B218B5429466C40E7F72657C015D86C7E4A
2.011388,1DMzS1GRVNPvrDLYc2VPPEsxMNHX78ArJj,D6C324719AD0AA50A54E4F8DED8E8220D8698DD67B218B5429466C40E7F72657C015D86C7E4A
2.08976,1KpTbgy8QG2o6UZFfFZ2oJdwfS8h2SmNj9,D6C324719AD0AA50A54E4F8DED8E8220D8698DD67B218B5429466C40E7F72657C015D86C7E4A
2.099015,145V8AXLZpFv1ABVEsMYFsGpaZPwgKNZbf,D6C324719AD0AA50A54E4F8DED8E8220D8698DD67B218B5429466C40E7F72657C015D86C7E4A
2.077932,13ZZdC4n3hRsm5knhVnNbxdihMmZypvJp3,D6C324719AD0AA50A54E4F8DED8E8220D8698DD67B218B5429466C40E7F72657C015D86C7E4A
2.05174,1Ng9fk11Rj1AnVqd5RP3HmwpKg4JAYN66B,D6C324719AD0AA50A54E4F8DED8E8220D8698DD67B218B5429466C40E7F72657C015D86C7E4A
2.055083,1EVCKxbLbpCKtgFS6XNpQNxkT8hEB83U1K,D6C324719AD0AA50A54E4F8DED8E8220D8698DD67B218B5429466C40E7F72657C015D86C7E4A
2.086449,1NRqzdeLddeu4Po8PAFpmHdVftuatLoSLZ,D6C324719AD0AA50A54E4F8DED8E8220D8698DD67B218B5429466C40E7F72657C015D86C7E4A
2.059853,1KGrgpq21X5M6CxzSU7x4rGC7s1BiACtx5,D6C324719AD0AA50A54E4F8DED8E8220D8698DD67B218B5429466C40E7F72657C015D86C7E4A
2.044278,1KhEysvATMGFGcEDdNtGQvwdpXimX6q7kc,D6C324719AD0AA50A54E4F8DED8E8220D8698DD67B218B5429466C40E7F72657C015D86C7E4A
2.065905,1ND9o4Mv7xWeMcybCisMqysdTdw1WWiMMg,D6C324719AD0AA50A54E4F8DED8E8220D8698DD67B218B5429466C40E7F72657C015D86C7E4A
2.092336,139o37PLgc59woxg4cESnjFLKsS4i5qAmP,D6C324719AD0AA50A54E4F8DED8E8220D8698DD67B218B5429466C40E7F72657C015D86C7E4A
2.038271,1DPfavBxTaHfU9QfUC3gB59ZSc93ipxKxM,D6C324719AD0AA50A54E4F8DED8E8220D8698DD67B218B5429466C40E7F72657C015D86C7E4A
2.08028,1EXgxBNMT66tgkXqDzz4R5jPgtJnTdswe6,D6C324719AD0AA50A54E4F8DED8E8220D8698DD67B218B5429466C40E7F72657C015D86C7E4A
2.051562,1AhrU3gzT34io8xkcJYTwF5oLL6o2NMuWw,D6C324719AD0AA50A54E4F8DED8E8220D8698DD67B218B5429466C40E7F72657C015D86C7E4A
2.086302,12hAak8YDpNujeT7PhP1Lb8mYyJVhYh4Tk,D6C324719AD0AA50A54E4F8DED8E8220D8698DD67B218B5429466C40E7F72657C015D86C7E4A
2.051074,1E9esxHSmXnKDm6rB9Zt2Yp8GCrcyYXZNX,D6C324719AD0AA50A54E4F8DED8E8220D8698DD67B218B5429466C40E7F72657C015D86C7E4A
2.093136,1AezWWzBiko1iH9yq6AMtxZuHcgorWXwwW,D6C324719AD0AA50A54E4F8DED8E8220D8698DD67B218B5429466C40E7F72657C015D86C7E4A
2.024803,1HBSCPiF4MkdW2M2grTReQtCra8zRbFDQj,D6C324719AD0AA50A54E4F8DED8E8220D8698DD67B218B5429466C40E7F72657C015D86C7E4A
2.02656,1HxnZZQQQ1cmW4bNY9qdcavqFLxQH4KEsK,D6C324719AD0AA50A54E4F8DED8E8220D8698DD67B218B5429466C40E7F72657C015D86C7E4A
